Date,Open,High,Low,Close,Adj Close,Volume,Day
2018-02-22,94.349998,95.120003,94.349998,94.940002,94.940002,19600,1
2018-02-23,94.400002,94.919998,94.290001,94.82,94.82,8600,2
2018-02-26,95.050003,95.199997,94.800003,95.120003,95.120003,28000,3
2018-02-27,94.5,94.580002,93.540001,93.599998,93.599998,22200,4
2018-02-28,93.349998,93.849998,93.349998,93.529999,93.529999,11700,5
2018-03-01,91.949997,92.18,90.949997,91.970001,91.970001,63800,6
2018-03-02,92,92.239998,91.650002,92,92,25600,7
2018-03-05,91.419998,91.650002,91.099998,91.510002,91.510002,17500,8
2018-03-06,91.989998,92.760002,91.879997,92.199997,92.199997,33800,9
2018-03-07,91.5,91.5,90.449997,90.650002,90.650002,50300,10
2018-03-08,90.709999,90.739998,90.019997,90.610001,90.610001,13400,11
2018-03-09,90.849998,91.769997,90.709999,91.730003,91.730003,29600,12
2018-03-12,91.400002,91.779999,91.220001,91.75,91.75,18100,13
2018-03-13,92.300003,92.43,91.699997,91.889999,91.889999,18400,14
2018-03-14,91.900002,91.93,91.440002,91.620003,91.620003,20400,15
2018-03-15,91.199997,91.209999,90.709999,90.769997,90.769997,11100,16
2018-03-16,90.5,90.559998,89.910004,90.379997,90.379997,32500,17
2018-03-19,90.349998,91.019997,90.349998,90.720001,90.720001,16300,18
2018-03-20,90.269997,90.269997,89.629997,89.82,89.82,23800,19
2018-03-21,90.410004,91.419998,90,91.32,91.32,49300,20
2018-03-22,90.599998,90.639999,90.07,90.43,90.43,23500,21
2018-03-23,91.209999,91.209999,90.239998,90.239998,90.239998,19900,22
2018-03-26,90.699997,91.129997,90.489998,90.669998,90.669998,22000,23
2018-03-27,90.199997,90.199997,89.510002,89.800003,89.800003,24700,24
2018-03-28,89.57,89.57,88.849998,89.150002,89.150002,25400,25
2018-03-29,89.099998,89.25,88.269997,88.650002,88.650002,23700,26
2018-04-02,88.900002,89.029999,88.669998,89,89,22300,27
2018-04-03,88.150002,88.279999,87.410004,88.209999,88.209999,63000,28
2018-04-04,87.349998,87.349998,86.919998,87.269997,87.269997,58500,29
2018-04-05,86.800003,87.379997,86.419998,86.830002,86.830002,27300,30
2018-04-06,87.169998,87.220001,86.75,87.150002,87.150002,58900,31
2018-04-09,88.400002,89.099998,88.040001,88.800003,88.800003,126400,32
2018-04-10,88.800003,88.82,88.160004,88.529999,88.529999,28000,33
2018-04-11,88.550003,89.629997,88.400002,88.739998,88.739998,34000,34
2018-04-12,88.5,88.669998,88.199997,88.400002,88.400002,24400,35
2018-04-13,88.599998,88.860001,88.300003,88.540001,88.540001,16300,36
2018-04-16,88.550003,88.879997,88.220001,88.339996,88.339996,20700,37
2018-04-17,88.5,89.199997,88.370003,89.120003,89.120003,55500,38
2018-04-18,90.099998,90.260002,89.519997,89.580002,89.580002,54900,39
2018-04-19,89.580002,89.790001,88.629997,89.050003,89.050003,45700,40
2018-04-20,88.5,88.529999,88.139999,88.209999,88.209999,24200,41
2018-04-23,87.800003,87.949997,87.5,87.699997,87.699997,21500,42
2018-04-24,87.800003,88.910004,87.800003,88.68,88.68,26800,43
2018-04-25,87.349998,87.349998,86.529999,86.669998,86.669998,55300,44
2018-04-26,87.199997,87.25,86.260002,86.43,86.43,26700,45
2018-04-27,86.75,87.07,86.639999,86.970001,86.970001,262400,46
2018-04-30,86.059998,86.459999,85.889999,85.980003,85.980003,47700,47
2018-05-01,85.449997,85.449997,84.970001,85.029999,85.029999,66600,48
2018-05-02,85.330002,85.75,85,85.18,85.18,29700,49
2018-05-03,86.040001,86.190002,85.650002,85.830002,85.830002,259300,50
2018-05-04,85.650002,86.5,85.550003,86.480003,86.480003,119700,51
2018-05-07,87,87.150002,86.599998,86.620003,86.620003,133400,52
2018-05-08,86.699997,86.889999,86.400002,86.889999,86.889999,111200,53
2018-05-09,87.040001,87.25,86.900002,86.910004,86.910004,141600,54
2018-05-10,87.800003,88.199997,87.449997,88.019997,88.019997,135200,55
2018-05-11,88.25,88.25,87.599998,87.769997,87.769997,122900,56
2018-05-14,87.800003,87.860001,86.580002,86.610001,86.610001,141100,57
2018-05-15,85.650002,85.68,85.199997,85.389999,85.389999,46200,58
2018-05-16,85.089996,85.089996,84.449997,84.769997,84.769997,188900,59
2018-05-17,84.5,84.900002,84.220001,84.75,84.75,131600,60
2018-05-18,84.239998,84.379997,84,84.25,84.25,51000,61
2018-05-21,84.220001,85.730003,84.059998,85.489998,85.489998,54500,62
2018-05-22,86.400002,86.519997,85.93,86.290001,86.290001,35500,63
2018-05-23,85.849998,86.07,85.489998,86,86,22700,64
2018-05-24,86.580002,86.959999,86.510002,86.650002,86.650002,29100,65
2018-05-25,86.300003,86.300003,85.5,85.620003,85.620003,19200,66
2018-05-29,85.959999,86.559998,85.959999,86.260002,86.260002,28400,67
2018-05-30,86.209999,86.589996,86.07,86.489998,86.489998,17600,68
2018-05-31,86.379997,86.779999,86.25,86.269997,86.269997,16400,69
2018-06-01,86.199997,86.449997,85.82,85.889999,85.889999,29800,70
2018-06-04,86.199997,86.339996,85.589996,85.599998,85.599998,15600,71
2018-06-05,85.349998,85.93,84.989998,85.669998,85.669998,60200,72
2018-06-06,85.849998,86.300003,85.849998,86.059998,86.059998,64800,73
2018-06-07,85.900002,86.050003,85.400002,85.519997,85.519997,65300,74
2018-06-08,85.989998,86.129997,85.860001,86.120003,86.120003,25900,75
2018-06-11,86.199997,86.349998,85.870003,86.040001,86.040001,22700,76
2018-06-12,86.199997,86.300003,85.389999,85.449997,85.449997,18200,77
2018-06-13,85.650002,85.940002,85.290001,85.900002,85.900002,32700,78
2018-06-14,86.32,86.550003,86.099998,86.129997,86.129997,45400,79
2018-06-15,85.349998,85.349998,84.18,84.470001,84.470001,63700,80
2018-06-18,84.279999,84.699997,83.879997,84,84,60000,81
2018-06-19,82.949997,83.07,82.099998,82.519997,82.519997,118900,82
2018-06-20,82.449997,83.25,82.400002,82.849998,82.849998,33200,83
2018-06-21,82.339996,82.43,81.93,82.080002,82.080002,58500,84
2018-06-22,82.650002,83.220001,82.5,83.190002,83.190002,45800,85
2018-06-25,82.550003,82.699997,82.419998,82.419998,82.419998,35400,86
2018-06-26,82.5,82.730003,82.349998,82.459999,82.459999,29100,87
2018-06-27,81.550003,81.68,81.099998,81.400002,81.400002,77200,88
2018-06-28,81.050003,81.050003,80.5,80.790001,80.790001,69800,89
2018-06-29,80.849998,81.220001,80.779999,81.139999,81.139999,46500,90
2018-07-02,79.800003,79.800003,76.849998,77.660004,77.660004,258700,91
2018-07-03,79.699997,80.360001,79.349998,79.949997,79.949997,117100,92
2018-07-05,80.199997,80.419998,79.660004,80.050003,80.050003,57900,93
2018-07-06,79.800003,80.330002,79.610001,80.209999,80.209999,84500,94
2018-07-09,81.099998,81.370003,80.639999,80.889999,80.889999,57800,95
2018-07-10,80,80.650002,79.730003,80.480003,80.480003,866800,96
2018-07-11,79.5,79.589996,78.779999,78.879997,78.879997,66800,97
2018-07-12,79.870003,80.309998,79.800003,80.040001,80.040001,47200,98
2018-07-13,79,79,78.400002,78.940002,78.940002,69100,99
2018-07-16,78.389999,78.440002,77.849998,78.32,78.32,264300,100
2018-07-17,77.769997,78,77.599998,77.699997,77.699997,83200,101
2018-07-18,76.949997,77.849998,76.75,77.779999,77.779999,82700,102
2018-07-19,75.949997,77.449997,75.849998,76.620003,76.620003,188600,103
2018-07-20,78.300003,78.870003,78.209999,78.639999,78.639999,73400,104
2018-07-23,78.889999,79,78.5,78.959999,78.959999,38100,105
2018-07-24,80.050003,80.349998,79.080002,79.18,79.18,44500,106
2018-07-25,80,80.25,79.370003,80.230003,80.230003,29700,107
2018-07-26,79.099998,79.32,78.220001,78.349998,78.349998,55200,108
2018-07-27,78.849998,79.059998,78.599998,79,79,29800,109
2018-07-30,78.620003,79,78.5,78.690002,78.690002,25200,110
2018-07-31,78.910004,80.080002,78.849998,79.650002,79.650002,48100,111
2018-08-01,78.300003,78.300003,77.400002,77.709999,77.709999,250800,112
2018-08-02,79,79.279999,78.220001,78.5,78.5,98500,113
2018-08-03,79.25,79.900002,79.050003,79.059998,79.059998,59300,114
2018-08-06,78.400002,78.550003,77.910004,78.120003,78.120003,56000,115
2018-08-07,79.5,79.5,78.709999,78.82,78.82,34000,116
2018-08-08,78.970001,79.239998,78.419998,78.980003,78.980003,40200,117
2018-08-09,79.620003,79.68,78.910004,79.150002,79.150002,42600,118
2018-08-10,78.879997,79.5,78.669998,78.75,78.75,31200,119
2018-08-13,77.239998,77.290001,75.660004,76.160004,76.160004,273200,120
2018-08-14,76.410004,76.620003,75.650002,76.18,76.18,70600,121
2018-08-15,73.620003,73.620003,71.919998,72.980003,72.980003,406400,122
2018-08-16,74.93,75.489998,74.019997,74.019997,74.019997,118500,123
2018-08-17,74.150002,75.010002,73.800003,75.010002,75.010002,46200,124
2018-08-20,75.629997,75.629997,74.970001,75.57,75.57,31800,125
2018-08-21,75.610001,75.709999,74.830002,75.449997,75.449997,35700,126
2018-08-22,75.529999,75.669998,75.199997,75.529999,75.529999,17200,127
2018-08-23,74.220001,74.339996,73.650002,73.830002,73.830002,52500,128
2018-08-24,74.989998,75.360001,74.760002,75.019997,75.019997,39200,129
2018-08-27,75.339996,76.470001,75.300003,76.260002,76.260002,71300,130
2018-08-28,76.480003,76.529999,74.849998,75.019997,75.019997,73800,131
2018-08-29,75.279999,75.730003,75.139999,75.690002,75.690002,20800,132
2018-08-30,75.099998,75.440002,74.849998,75.269997,75.269997,49200,133
2018-08-31,75.080002,75.550003,74.550003,74.699997,74.699997,32100,134
2018-09-04,72.860001,74,72.839996,74,74,94100,135
2018-09-05,73.949997,74.559998,73.93,74.550003,74.550003,27900,136
2018-09-06,75.150002,75.519997,74.639999,75.07,75.07,62400,137
2018-09-07,73.970001,74.550003,73.760002,74.220001,74.220001,35300,138
2018-09-10,75.779999,75.860001,74.480003,74.510002,74.510002,68500,139
2018-09-11,74.580002,75.279999,74.360001,74.800003,74.800003,24300,140
2018-09-12,74.900002,76.019997,74.900002,75.889999,75.889999,50200,141
2018-09-13,76.629997,76.849998,76.099998,76.269997,76.269997,27300,142
2018-09-14,76.489998,76.489998,75.529999,75.599998,75.599998,43400,143
2018-09-17,76.190002,76.660004,75.860001,75.860001,75.860001,27100,144
2018-09-18,77.330002,77.639999,77,77.150002,77.150002,120600,145
2018-09-19,77.589996,78.410004,77.589996,78.080002,78.080002,55700,146
2018-09-20,78.389999,79.220001,78.389999,79.169998,79.169998,57500,147
2018-09-21,78.199997,78.870003,78.199997,78.610001,78.610001,27300,148
2018-09-24,78.940002,79.230003,78.5,78.5,78.5,32100,149
2018-09-25,78.459999,78.610001,78.040001,78.199997,78.199997,25100,150
2018-09-26,78.099998,78.720001,77.900002,78.099998,78.099998,45900,151
2018-09-27,77.080002,77.330002,76.709999,76.959999,76.959999,49100,152
2018-09-28,77.209999,78,77.139999,77.370003,77.370003,28400,153
2018-10-01,77.360001,78.330002,77.360001,78.129997,78.129997,15000,154
2018-10-02,78.699997,79.230003,78.699997,78.760002,78.760002,33700,155
2018-10-03,78.660004,79.300003,78.5,78.599998,78.599998,22200,156
2018-10-04,78.870003,79.150002,78,78.260002,78.260002,16500,157
2018-10-05,78.209999,78.309998,77.769997,78.129997,78.129997,26200,158
2018-10-08,76.900002,77.800003,76.889999,77.800003,77.800003,42600,159
2018-10-09,77.989998,78.370003,77.519997,78.360001,78.360001,16900,160
2018-10-10,78.150002,78.279999,77.839996,78.059998,78.059998,23300,161
2018-10-11,77.959999,80.099998,77.959999,79.629997,79.629997,53600,162
2018-10-12,79.82,79.889999,79.239998,79.480003,79.480003,35100,163
2018-10-15,80.18,80.5,79.839996,79.93,79.93,52600,164
2018-10-16,80.209999,80.339996,79.830002,79.830002,79.830002,32500,165
2018-10-17,79.400002,79.660004,79,79.010002,79.010002,22700,166
2018-10-18,78.959999,78.959999,78.349998,78.529999,78.529999,33200,167
2018-10-19,79.239998,79.339996,78.809998,78.849998,78.849998,18700,168
2018-10-22,78.190002,78.230003,77.660004,78.110001,78.110001,185000,169
2018-10-23,79,79.07,78.550003,79.040001,79.040001,64800,170
2018-10-24,78.970001,79.290001,78.580002,78.760002,78.760002,55200,171
2018-10-25,78.650002,78.839996,78.160004,78.529999,78.529999,40100,172
2018-10-26,78.470001,79.260002,78.470001,79.080002,79.080002,64400,173
2018-10-29,79.669998,79.839996,78.889999,79.080002,79.080002,58100,174
2018-10-30,79.370003,79.610001,79,79.330002,79.330002,31500,175
2018-10-31,79.410004,79.730003,79.25,79.650002,79.650002,127600,176
2018-11-01,80.910004,81.660004,80.900002,81.599998,81.599998,189800,177
2018-11-02,81.93,82.889999,81.900002,82.5,82.5,90300,178
2018-11-05,82.160004,82.690002,81.720001,81.790001,81.790001,63000,179
2018-11-06,82.620003,83,82.160004,82.360001,82.360001,48200,180
2018-11-07,83,83.110001,82.620003,82.760002,82.760002,53400,181
2018-11-08,82.540001,82.809998,81.540001,81.910004,81.910004,65700,182
2018-11-09,81.379997,81.470001,80.779999,81,81,42800,183
2018-11-12,80.919998,81.080002,79.68,79.68,79.68,41300,184
2018-11-13,79.970001,80.010002,79.239998,79.449997,79.449997,47300,185
2018-11-14,79.370003,79.629997,78.379997,79.150002,79.150002,48000,186
2018-11-15,79.059998,80.18,78.830002,79.730003,79.730003,45100,187
2018-11-16,80.110001,80.360001,79.93,80.169998,80.169998,42800,188
2018-11-19,80.169998,81.099998,79.949997,80.849998,80.849998,43000,189
2018-11-20,80.129997,80.230003,79.5,79.760002,79.760002,32900,190
2018-11-21,80.449997,80.550003,80.110001,80.239998,80.239998,22500,191
2018-11-23,79.800003,80.18,79.5,79.5,79.5,29000,192
2018-11-26,79.760002,80.25,79.760002,80.050003,80.050003,28200,193
2018-11-27,80.230003,80.230003,78.699997,79,79,29500,194
2018-11-28,78.68,78.699997,77.260002,78.139999,78.139999,77800,195
2018-11-29,78.010002,78.059998,77.449997,77.620003,77.620003,31100,196
2018-11-30,76.239998,76.300003,75.650002,75.650002,75.650002,187800,197
2018-12-03,76.370003,76.690002,76.199997,76.32,76.32,85500,198
2018-12-04,76.160004,76.290001,75.660004,76.029999,76.029999,62800,199
2018-12-06,75.07,75.199997,74.400002,74.779999,74.779999,90100,200
2018-12-07,75.099998,75.410004,74.699997,75.160004,75.160004,47000,201
2018-12-10,74.610001,74.690002,73.839996,74.32,74.32,63400,202
2018-12-11,74.589996,74.629997,74.120003,74.5,74.5,27400,203
2018-12-12,75.230003,76.379997,75.160004,76.059998,76.059998,104700,204
2018-12-13,75.419998,75.720001,74.959999,75.540001,75.540001,37200,205
2018-12-14,74.269997,74.919998,74.089996,74.620003,74.620003,35200,206
2018-12-17,74.489998,75.599998,74.269997,75.25,75.25,659700,207
2018-12-18,74.550003,75.300003,74.510002,74.959999,74.959999,37400,208
2018-12-19,75.18,75.690002,74.43,74.510002,74.510002,43500,209
2018-12-20,75.25,75.540001,74.699997,75.18,75.18,51200,210
2018-12-21,75.18,75.449997,74.650002,74.650002,74.650002,35300,211
2018-12-24,74.889999,75.099998,74.519997,74.529999,74.529999,43000,212
2018-12-26,75.669998,76.010002,75.449997,75.449997,75.449997,54300,213
2018-12-27,75.230003,75.43,74.459999,75.419998,75.419998,84700,214
2018-12-28,75.190002,75.360001,74.720001,74.720001,74.720001,56900,215
2018-12-31,74.620003,75.349998,74.589996,75.239998,75.239998,123300,216
2019-01-02,74.540001,75.919998,74.449997,75.32,75.32,66600,217
2019-01-03,75.389999,75.68,74.949997,75.669998,75.669998,58400,218
2019-01-04,75.879997,78.059998,75.5,77.870003,77.870003,139800,219
2019-01-07,78.129997,78.279999,77.650002,77.940002,77.940002,96000,220
2019-01-08,77.82,78.07,77.260002,77.760002,77.760002,51000,221
2019-01-09,77.559998,78.190002,77.559998,78.120003,78.120003,46200,222
2019-01-10,77.769997,78.269997,77.690002,77.739998,77.739998,35800,223
2019-01-11,77.480003,77.519997,76.730003,76.860001,76.860001,44900,224
2019-01-14,76.279999,76.620003,75.75,75.989998,75.989998,61500,225
2019-01-15,76.110001,76.260002,75.449997,75.690002,75.690002,75500,226
2019-01-16,75.769997,76.540001,75.769997,76.540001,76.540001,60000,227
2019-01-17,76.32,76.940002,76.32,76.940002,76.940002,122500,228
2019-01-18,76.260002,76.279999,75.410004,75.639999,75.639999,77700,229
2019-01-22,75.040001,75.150002,74.639999,74.809998,74.809998,101600,230
2019-01-23,75.010002,75.419998,74.790001,75.300003,75.300003,36400,231
2019-01-24,75.68,76.230003,75.68,76.019997,76.019997,56300,232
2019-01-25,77.129997,77.660004,77.059998,77.489998,77.489998,398000,233
2019-01-28,76.900002,77.050003,76.720001,77,77,76000,234
2019-01-29,77.059998,77.449997,77,77.220001,77.220001,45500,235
2019-01-30,77.07,77.82,77,77.480003,77.480003,60100,236
2019-01-31,78,78.18,77.529999,77.800003,77.800003,79200,237
2019-02-01,78.269997,78.839996,78,78.279999,78.279999,66000,238
2019-02-04,77.599998,77.900002,77.5,77.790001,77.790001,31600,239
2019-02-05,78,78.129997,77.540001,77.730003,77.730003,59600,240
2019-02-06,77.730003,77.730003,76.339996,76.470001,76.470001,65900,241
2019-02-07,76.32,76.32,75.400002,75.650002,75.650002,90400,242
2019-02-08,75.610001,75.870003,75.339996,75.839996,75.839996,32800,243
2019-02-11,75.010002,75.190002,74.330002,74.580002,74.580002,175500,244
2019-02-12,74.650002,75.129997,74.279999,75.099998,75.099998,65700,245
2019-02-13,74.970001,75.279999,74.5,74.510002,74.510002,87600,246
2019-02-14,74.360001,74.809998,73.879997,74.599998,74.599998,56200,247
2019-02-15,75,76.550003,74.900002,76.519997,76.519997,144100,248
2019-02-19,77.18,77.830002,77.18,77.699997,77.699997,112200,249
2019-02-20,78.279999,78.970001,78.239998,78.419998,78.419998,101100,250
2019-02-21,78.510002,78.639999,77.919998,77.989998,77.989998,115700,251
2019-02-22,78.900002,80.010002,78.82,79.900002,79.900002,150900,252
2019-02-25,81,81.089996,80.599998,80.839996,80.839996,103300,253
2019-02-26,81.080002,81.43,80.720001,81.410004,81.410004,105100,254
2019-02-27,82.589996,82.68,81.339996,82.190002,82.190002,130900,255
2019-02-28,82.519997,82.839996,82.230003,82.519997,82.519997,135900,256
2019-03-01,81.900002,82.389999,81.07,81.07,81.07,174100,257
2019-03-04,79.379997,79.57,79.07,79.120003,79.120003,125000,258
2019-03-05,79.309998,79.400002,78.849998,79.25,79.25,78500,259
2019-03-06,78.480003,78.540001,78.139999,78.32,78.32,77200,260
2019-03-07,78.059998,78.07,77.040001,77.139999,77.139999,64300,261
2019-03-08,77.330002,77.599998,77.110001,77.57,77.57,59700,262
2019-03-11,77.379997,77.489998,76.660004,77.459999,77.459999,74800,263
2019-03-12,79.120003,79.230003,78.449997,79.099998,79.099998,90700,264
2019-03-13,80.129997,80.339996,79.610001,80.040001,80.040001,86200,265
2019-03-14,78.209999,78.699997,78.010002,78.080002,78.080002,88400,266
2019-03-15,78.639999,78.900002,78.5,78.730003,78.730003,37400,267
2019-03-18,79.120003,79.279999,78.650002,79.019997,79.019997,52300,268
2019-03-19,80.790001,80.959999,80.199997,80.809998,80.809998,74600,269
2019-03-20,81.790001,82.139999,81.129997,82.129997,82.129997,109700,270
2019-03-21,82.699997,82.870003,81.199997,81.529999,81.529999,80000,271
2019-03-22,80.650002,81,80.120003,80.120003,80.120003,61500,272
2019-03-25,80.440002,81.440002,80.440002,81.199997,81.199997,63900,273
2019-03-26,81.050003,81.559998,81.029999,81.260002,81.260002,58500,274
2019-03-27,82.099998,82.330002,80.620003,80.730003,80.730003,162900,275
2019-03-28,79.360001,79.879997,78.879997,79.379997,79.379997,177400,276
2019-03-29,80.849998,80.849998,79.980003,80.150002,80.150002,81600,277
2019-04-01,80.730003,81.050003,80.279999,80.349998,80.349998,211300,278
2019-04-02,80.709999,80.800003,80.059998,80.510002,80.510002,45400,279
2019-04-03,81.519997,82.300003,81.519997,82.230003,82.230003,60700,280
2019-04-04,83.75,85.099998,83.730003,84.940002,84.940002,234500,281
2019-04-05,85.389999,85.669998,84.519997,85.089996,85.089996,117700,282
2019-04-08,86.199997,86.440002,85.669998,85.919998,85.919998,100300,283
2019-04-09,85.540001,85.709999,84.220001,84.220001,84.220001,118700,284
2019-04-10,84.489998,85.849998,84.43,85.339996,85.339996,69600,285
2019-04-11,85.629997,86.040001,84.010002,84.339996,84.339996,108700,286
2019-04-12,84.849998,85.18,84.32,84.459999,84.459999,62800,287
2019-04-15,83.43,84.239998,83.080002,83.809998,83.809998,57100,288
2019-04-16,83.650002,83.650002,82.879997,83.360001,83.360001,67000,289
2019-04-17,83.889999,84.169998,83.57,84,84,39900,290
2019-04-18,84.209999,85.349998,84.190002,85.349998,85.349998,57900,291
2019-04-22,85.489998,85.629997,84.589996,85.029999,85.029999,55000,292
2019-04-23,84.190002,84.529999,83.860001,84.07,84.07,37300,293
2019-04-24,83.940002,84.07,83.559998,83.620003,83.620003,43400,294
2019-04-25,83.269997,83.93,83.18,83.839996,83.839996,45000,295
2019-04-26,84.32,85.050003,84.190002,85,85,30200,296
2019-04-29,85.029999,85.029999,84,84.739998,84.739998,50300,297
2019-04-30,83.889999,84.629997,83.660004,83.940002,83.940002,49900,298
2019-05-01,83.599998,83.599998,81.75,81.779999,81.779999,136200,299
2019-05-02,80.800003,80.82,80.290001,80.400002,80.400002,94700,300
2019-05-03,80.82,82.459999,80.580002,82.360001,82.360001,52400,301
2019-05-06,81.379997,83.150002,81.269997,82.769997,82.769997,33400,302
2019-05-07,82.650002,82.830002,82.010002,82.279999,82.279999,54500,303
2019-05-08,81.830002,82.220001,81.410004,81.449997,81.449997,27900,304
2019-05-09,80.260002,80.790001,80.239998,80.269997,80.269997,50600,305
2019-05-10,81.010002,81.919998,80.699997,81.779999,81.779999,37300,306
2019-05-13,81.279999,81.480003,80.57,80.589996,80.589996,48500,307
2019-05-14,81.080002,81.190002,80.669998,80.980003,80.980003,34000,308
2019-05-15,80.169998,80.260002,79.68,79.989998,79.989998,39900,309
2019-05-16,79.669998,79.669998,78.709999,78.790001,78.790001,70600,310
2019-05-17,77.739998,77.75,77.300003,77.389999,77.389999,162500,311
2019-05-20,76.800003,77.199997,76.620003,77.059998,77.059998,60700,312
2019-05-21,76.510002,77.230003,76.32,77.169998,77.169998,84500,313
2019-05-22,76.199997,76.559998,76.010002,76.050003,76.050003,113100,314
2019-05-23,75.459999,75.949997,75.339996,75.57,75.57,71500,315
2019-05-24,75.709999,76.120003,75.599998,76.120003,76.120003,40800,316
2019-05-28,76.139999,76.18,75.309998,75.529999,75.529999,81800,317
2019-05-29,75.330002,75.330002,74.849998,75.010002,75.010002,69900,318
2019-05-30,74.75,75.529999,74.610001,75.199997,75.199997,55500,319
2019-05-31,75.110001,75.360001,74.830002,74.989998,74.989998,134700,320
2019-06-03,75.699997,77.889999,75.699997,77.82,77.82,125000,321
2019-06-04,77.5,77.919998,77.309998,77.580002,77.580002,40600,322
2019-06-05,78,78.040001,75.800003,75.849998,75.849998,82500,323
2019-06-06,75.800003,76.230003,75.589996,75.879997,75.879997,78200,324
2019-06-07,76.139999,76.760002,76.050003,76.18,76.18,72500,325
2019-06-10,76.07,76.489998,75.989998,76.199997,76.199997,77400,326
2019-06-11,76.870003,77.110001,76.769997,77.050003,77.050003,33600,327
2019-06-12,76.779999,77.160004,76.410004,76.550003,76.550003,30000,328
2019-06-13,76.339996,76.830002,76.199997,76.699997,76.699997,35800,329
2019-06-14,76.349998,76.559998,75.75,75.919998,75.919998,63300,330
2019-06-17,75.169998,75.290001,74.900002,75.040001,75.040001,75400,331
2019-06-18,75.889999,75.959999,75.360001,75.860001,75.860001,62500,332
2019-06-19,75.870003,76.690002,75.849998,76.629997,76.629997,59500,333
2019-06-20,77.18,77.489998,76.160004,76.290001,76.290001,128200,334
2019-06-21,75.760002,76.68,75.510002,76.459999,76.459999,67200,335
2019-06-24,76.720001,77.019997,76.400002,77.019997,77.019997,88800,336
2019-06-25,76.919998,77.580002,76.309998,76.309998,76.309998,81100,337
2019-06-26,76.230003,77.489998,76.230003,77.059998,77.059998,63300,338
2019-06-27,76.949997,77.120003,76.360001,76.900002,76.900002,92100,339
2019-06-28,77.620003,79.400002,77.580002,78.860001,78.860001,442400,340
2019-07-01,79.940002,80.059998,78.470001,78.540001,78.540001,106900,341
2019-07-02,78.370003,78.75,77.910004,78.25,78.25,46800,342
2019-07-03,79.029999,79.82,78.919998,79.309998,79.309998,108800,343
2019-07-05,77.050003,77.050003,76.059998,76.559998,76.559998,171500,344
2019-07-08,76.75,77.540001,76.669998,77.050003,77.050003,84500,345
2019-07-09,76.360001,76.730003,76.199997,76.730003,76.730003,46400,346
2019-07-10,77.779999,78.279999,77.639999,78.209999,78.209999,132000,347
2019-07-11,78.169998,78.260002,77.629997,77.870003,77.870003,50000,348
2019-07-12,77.43,78.730003,77.370003,78.440002,78.440002,55800,349
2019-07-15,79.660004,79.970001,79.379997,79.599998,79.599998,66500,350
2019-07-16,80.269997,80.400002,79,79.239998,79.239998,88400,351
2019-07-17,79.059998,80.330002,79.059998,79.760002,79.760002,93100,352
2019-07-18,80.059998,80.610001,79.730003,80.589996,80.589996,132400,353
2019-07-19,80.959999,81.220001,79.889999,80.019997,80.019997,86300,354
2019-07-22,80.279999,80.440002,79.849998,80.220001,80.220001,56900,355
2019-07-23,80.589996,81,80.379997,80.800003,80.800003,52300,356
2019-07-24,82.139999,82.860001,82.120003,82.68,82.68,126700,357
2019-07-25,82.580002,82.580002,81.790001,81.849998,81.849998,106800,358
2019-07-26,81.989998,82.160004,81.25,81.580002,81.580002,71400,359
2019-07-29,82.449997,83.379997,82.360001,83.290001,83.290001,69000,360
2019-07-30,83.07,83.18,81.989998,82.360001,82.360001,108400,361
2019-07-31,82.32,82.900002,81.440002,81.540001,81.540001,85200,362
2019-08-01,79.959999,80.860001,79.699997,80.580002,80.580002,304200,363
2019-08-02,79.860001,80.419998,79.349998,79.660004,79.660004,83900,364
2019-08-05,80.620003,80.900002,80.07,80.650002,80.650002,82300,365
2019-08-06,80.389999,80.5,79.68,80.459999,80.459999,57200,366
2019-08-07,80.279999,82.080002,80.120003,81.510002,81.510002,122000,367
2019-08-08,80.790001,82.169998,80.610001,81.889999,81.889999,88500,368
2019-08-09,81.860001,81.860001,81.099998,81.349998,81.349998,53000,369
2019-08-12,81.029999,81.290001,80.699997,81.010002,81.010002,54900,370
2019-08-13,80.800003,81.089996,79.099998,80.790001,80.790001,75100,371
2019-08-14,80.5,80.550003,79.739998,79.790001,79.790001,75000,372
2019-08-15,79.050003,79.489998,78.720001,79.410004,79.410004,47900,373
2019-08-16,78.940002,80.410004,78.93,80.209999,80.209999,98500,374
2019-08-19,80.029999,81.059998,79.949997,80.389999,80.389999,100800,375
2019-08-20,79.93,80.489998,79.68,80.18,80.18,42800,376
2019-08-21,80.75,80.860001,80.360001,80.629997,80.629997,44300,377
2019-08-22,80.489998,81.269997,80.489998,81.099998,81.099998,53400,378
2019-08-23,80.860001,82.029999,80.480003,81,81,68100,379
2019-08-26,80.980003,81.089996,80.5,80.809998,80.809998,48700,380
2019-08-27,81.360001,82.07,81.220001,81.769997,81.769997,102200,381
2019-08-28,84,85.800003,84,85.029999,85.029999,287100,382
2019-08-29,87.239998,88.309998,85.940002,86.419998,86.419998,286900,383
2019-08-30,88.209999,88.669998,87.5,88.040001,88.040001,227400,384
2019-09-03,89.480003,90.699997,89.480003,90.169998,90.169998,276300,385
2019-09-04,92.540001,93.470001,91.790001,93.150002,93.150002,519300,386
2019-09-05,92.110001,92.330002,89,90.540001,90.540001,450600,387
2019-09-06,89.839996,91.089996,89.089996,89.330002,89.330002,246800,388
2019-09-09,90.160004,90.629997,88.900002,89.370003,89.370003,91900,389
2019-09-10,88.830002,89.18,87.639999,87.760002,87.760002,173100,390
2019-09-11,88.599998,89.290001,88.43,89.18,89.18,116800,391
2019-09-12,89.599998,90.690002,89.379997,89.779999,89.779999,125800,392
2019-09-13,90.629997,91.019997,89.300003,89.629997,89.629997,201500,393
2019-09-16,89.019997,89.019997,87.32,88.510002,88.510002,185400,394
2019-09-17,88.82,89.269997,87.75,88.760002,88.760002,238200,395
2019-09-18,88.489998,88.489998,86.879997,87.779999,87.779999,185200,396
2019-09-19,88.540001,88.940002,88.190002,88.589996,88.589996,69700,397
2019-09-20,88.940002,89.470001,88.660004,89.279999,89.279999,52300,398
2019-09-23,90.440002,90.830002,89.889999,90.589996,90.589996,268500,399
2019-09-24,89.809998,90.449997,89.480003,90.160004,90.160004,79800,400
2019-09-25,89,89,87.220001,87.360001,87.360001,133500,401
2019-09-26,88.050003,88.400002,87.68,88.019997,88.019997,55800,402
2019-09-27,86.980003,88.330002,86.779999,87.739998,87.739998,89000,403
2019-09-30,84.660004,85.269997,82.5,83.470001,83.470001,417600,404
2019-10-01,82.790001,83.260002,82.5,82.919998,82.919998,97900,405
2019-10-02,83.639999,84.18,83.400002,83.800003,83.800003,102300,406
2019-10-03,84.190002,84.790001,83.699997,83.970001,83.970001,106500,407
2019-10-04,82.769997,83.330002,82.400002,83.150002,83.150002,85300,408
2019-10-07,83.279999,83.800003,82.779999,82.779999,82.779999,72600,409
2019-10-08,83.800003,84.089996,83.150002,83.980003,83.980003,137600,410
2019-10-09,83.699997,84.529999,83.339996,84.279999,84.279999,66300,411
2019-10-10,83.940002,85.209999,83.230003,84.760002,84.760002,83500,412
2019-10-11,83.739998,84.75,83.400002,84.519997,84.519997,110800,413
2019-10-14,84.400002,84.900002,84.169998,84.25,84.25,38200,414
2019-10-15,84.330002,84.330002,83.25,83.489998,83.489998,73500,415
2019-10-16,83.620003,83.919998,82.980003,83.650002,83.650002,156800,416
2019-10-17,83.839996,83.919998,83.339996,83.690002,83.690002,50800,417
2019-10-18,83.690002,84.389999,83.400002,84.010002,84.010002,40500,418
2019-10-21,84.660004,84.660004,83.339996,83.690002,83.690002,69500,419
2019-10-22,83.839996,84.150002,83.669998,84.040001,84.040001,38600,420
2019-10-23,85.18,86.699997,85.18,86.360001,86.360001,94900,421
2019-10-24,87.699997,87.900002,86.650002,87,87,107600,422
2019-10-25,88.209999,88.480003,87.169998,87.25,87.25,100400,423
2019-10-28,87.870003,87.870003,86.050003,86.639999,86.639999,137600,424
2019-10-29,86.139999,86.919998,85.989998,86.720001,86.720001,35400,425
2019-10-30,86.720001,87.370003,86.129997,87,87,35600,426
2019-10-31,88.18,88.480003,87.18,87.93,87.93,61900,427
2019-11-01,88.139999,89.959999,87.879997,89.5,89.5,116400,428
2019-11-04,89.120003,89.300003,87.900002,88.169998,88.169998,81700,429
2019-11-05,87.5,88,87.220001,87.599998,87.599998,77700,430
2019-11-06,87.32,87.699997,87.110001,87.610001,87.610001,59300,431
2019-11-07,87.75,87.949997,85.25,85.720001,85.720001,80800,432
2019-11-08,83.900002,84.25,83.599998,83.620003,83.620003,87100,433
2019-11-11,83,83.190002,82.309998,82.580002,82.580002,97500,434
2019-11-12,82,82.150002,81.620003,82,82,164900,435
2019-11-13,82,82.580002,81.959999,82.330002,82.330002,54400,436
2019-11-14,82.120003,83.379997,82.120003,83.040001,83.040001,91300,437
2019-11-15,83.089996,84.5,83.089996,83.849998,83.849998,67300,438
2019-11-18,83.93,84.75,83.830002,84.290001,84.290001,42400,439
2019-11-19,85.209999,85.919998,85.099998,85.900002,85.900002,44800,440
2019-11-20,86.010002,86.620003,85.93,86.610001,86.610001,51600,441
2019-11-21,87.199997,87.43,86,86.279999,86.279999,176100,442
2019-11-22,84.580002,85.150002,83.510002,83.989998,83.989998,137100,443
2019-11-25,84.239998,84.830002,84.169998,84.519997,84.519997,49900,444
2019-11-26,84.959999,86.32,84.839996,85.730003,85.730003,58200,445
2019-11-27,84.669998,84.709999,83.800003,84.339996,84.339996,61700,446
2019-11-29,84.68,85,84.400002,84.580002,84.580002,42800,447
2019-12-02,84.709999,85.230003,84.360001,84.650002,84.650002,43800,448
2019-12-03,85.379997,85.940002,85.220001,85.75,85.75,64400,449
2019-12-04,85.489998,85.489998,84.32,84.370003,84.370003,34300,450
2019-12-05,83.510002,84.940002,83.330002,84.559998,84.559998,91000,451
2019-12-06,84.330002,84.519997,84,84.489998,84.489998,76900,452
2019-12-09,84.419998,84.690002,84.220001,84.220001,84.220001,24900,453
2019-12-10,86.620003,87.099998,86.300003,86.940002,86.940002,102800,454
2019-12-11,87.43,89,87.330002,88.639999,88.639999,121800,455
2019-12-12,89.209999,89.440002,88.139999,89.160004,89.160004,142400,456
2019-12-13,87.900002,88.360001,87,87.309998,87.309998,63900,457
2019-12-16,87.400002,88.209999,87.330002,87.550003,87.550003,52800,458
2019-12-17,87.410004,87.57,86.730003,87.419998,87.419998,25000,459
2019-12-18,87.769997,88.199997,87.580002,88.110001,88.110001,59200,460
2019-12-19,88,88.419998,87.800003,88,88,20300,461
2019-12-20,88.25,88.309998,85.650002,85.809998,85.809998,65200,462
2019-12-23,86.410004,88.5,86.379997,88.150002,88.150002,74300,463
2019-12-24,88.5,89.099998,88.5,89.050003,89.050003,25200,464
2019-12-26,89.940002,90.629997,89.349998,89.510002,89.510002,66700,465
2019-12-27,89.029999,89.589996,88.779999,88.879997,88.879997,44900,466
2019-12-30,89.860001,90.599998,89.860001,90.129997,90.129997,69400,467
2019-12-31,92.540001,92.75,90.870003,90.93,90.93,126100,468
2020-01-02,92.959999,93.339996,91.400002,92.349998,92.349998,231100,469
2020-01-03,93.269997,93.349998,92.300003,92.360001,92.360001,153100,470
2020-01-06,92.910004,92.980003,90,90.68,90.68,182100,471
2020-01-07,90.389999,91.470001,90.160004,91.470001,91.470001,67900,472
2020-01-08,91.559998,91.559998,89.690002,90.160004,90.160004,102500,473
2020-01-09,90.160004,91.419998,90.160004,90.940002,90.940002,60800,474
2020-01-10,91.650002,92.839996,91.410004,92.269997,92.269997,58700,475
2020-01-13,91.849998,92.160004,90.709999,91.919998,91.919998,59100,476
2020-01-14,91.760002,92.800003,91.760002,92.720001,92.720001,109200,477
2020-01-15,95.540001,96.510002,95.260002,96.220001,96.220001,523200,478
2020-01-16,95.589996,95.959999,93.709999,94.989998,94.989998,341900,479
2020-01-17,96.389999,96.93,95.300003,96.290001,96.290001,209800,480
2020-01-21,93.550003,95.029999,93.400002,94.489998,94.489998,204800,481
2020-01-22,94.919998,96,94.779999,95.550003,95.550003,149000,482
2020-01-23,94.529999,95.129997,94.019997,94.599998,94.599998,144000,483
2020-01-24,94.699997,95.75,94.489998,94.830002,94.830002,111600,484
2020-01-27,93.010002,93.5,92.660004,92.669998,92.669998,135600,485
2020-01-28,92.709999,93.5,92.709999,93.010002,93.010002,62100,486
2020-01-29,92.830002,92.889999,91.459999,92.059998,92.059998,94000,487
2020-01-30,91.949997,92.400002,91.489998,92.32,92.32,101600,488
2020-01-31,90.589996,90.699997,90.120003,90.199997,90.199997,121700,489
2020-02-03,91.040001,91.599998,91.040001,91.169998,91.169998,94500,490
2020-02-04,90.919998,91.080002,90.260002,90.970001,90.970001,69800,491
2020-02-05,91.860001,92.879997,91.449997,92.699997,92.699997,67000,492
2020-02-06,91.809998,92,90.480003,90.610001,90.610001,88100,493
2020-02-07,91.489998,91.650002,90.769997,91.199997,91.199997,73500,494
2020-02-10,90.559998,90.900002,89.830002,90.610001,90.610001,66300,495
2020-02-11,91.099998,91.690002,91.099998,91.550003,91.550003,57000,496
2020-02-12,90.769997,91.279999,89.889999,90.709999,90.709999,65800,497
2020-02-13,91.129997,91.739998,90.93,91.300003,91.300003,67100,498
2020-02-14,91.489998,91.559998,90.739998,90.870003,90.870003,37300,499
2020-02-18,92.089996,93.610001,91.910004,93.610001,93.610001,125900,500
2020-02-19,94.519997,95.040001,94.07,95.040001,95.040001,208500,501
2020-02-20,93.019997,93.339996,91.589996,92.260002,92.260002,245100,502
2020-02-21,91.919998,92.400002,91.440002,92.010002,92.010002,147900,503
2020-02-24,91.07,91.620003,90.309998,90.800003,90.800003,168900,504
2020-02-25,90.169998,90.220001,86.760002,86.769997,86.769997,250600,505
2020-02-26,85.970001,86.370003,85.400002,85.910004,85.910004,186900,506
2020-02-27,85.860001,85.860001,84.580002,84.629997,84.629997,177300,507
2020-02-28,81.550003,82.040001,79.699997,81.139999,81.139999,536800,508
2020-03-02,80.660004,81.550003,80.660004,81.110001,81.110001,188600,509
2020-03-03,81.230003,83,80.949997,82.580002,82.580002,177300,510
2020-03-04,82.580002,82.660004,81.650002,82.639999,82.639999,94100,511
2020-03-05,81.860001,81.989998,80.660004,81.75,81.75,124500,512
2020-03-06,85.010002,85.230003,83.360001,85.199997,85.199997,309600,513
2020-03-09,82.260002,82.339996,81.089996,81.559998,81.559998,219900,514
2020-03-10,82.900002,82.900002,81.660004,82.099998,82.099998,122400,515
2020-03-11,82.610001,83.389999,81.290001,81.5,81.5,138200,516
2020-03-12,76.410004,76.599998,70.760002,71.900002,71.900002,522400,517
2020-03-13,75.110001,75.559998,69.589996,71.690002,71.690002,307900,518
2020-03-16,63.639999,65.800003,61.220001,62.060001,62.060001,446000,519
2020-03-17,61.310001,67.529999,61.080002,62.490002,62.490002,337900,520
2020-03-18,59.049999,59.75,56.82,58.82,58.82,453800,521
2020-03-19,56.700001,56.880001,55,55.360001,55.360001,331800,522
2020-03-20,57.700001,59.279999,56.799999,57.57,57.57,232400,523
2020-03-23,57.970001,60.759998,57.610001,60.16,60.16,407700,524
2020-03-24,65.199997,66.800003,63.75,66.800003,66.800003,278300,525
2020-03-25,67.720001,70.339996,67.629997,69.790001,69.790001,237900,526
2020-03-26,69.529999,70.129997,68.57,69.139999,69.139999,217100,527
2020-03-27,69.440002,69.860001,68.610001,69.330002,69.330002,226800,528
2020-03-30,68.43,69.220001,67.669998,68.279999,68.279999,173400,529
2020-03-31,68.459999,69.309998,67.599998,67.900002,67.900002,68400,530
2020-04-01,66.900002,68.300003,66.019997,67.370003,67.370003,92700,531
2020-04-02,67.889999,68.82,67.080002,68.610001,68.610001,91000,532
2020-04-03,67.68,68.199997,67.080002,68.010002,68.010002,83300,533
2020-04-06,68.360001,69.830002,68.290001,69.68,69.68,93800,534
2020-04-07,69.730003,70.589996,69.290001,69.879997,69.879997,111600,535
2020-04-08,69.849998,70.040001,68.050003,69,69,97900,536
2020-04-09,69.480003,71.18,69.260002,70.290001,70.290001,215000,537
2020-04-13,69.82,70.900002,69.629997,70.800003,70.800003,129900,538
2020-04-14,72.5,74.800003,72.410004,73.949997,73.949997,269800,539
2020-04-15,73.669998,73.830002,72.610001,73.300003,73.300003,96800,540
2020-04-16,74.169998,74.730003,72.529999,73.800003,73.800003,118200,541
2020-04-17,73.75,73.75,72.449997,73,73,72000,542
2020-04-20,73.459999,73.860001,72.660004,72.660004,72.660004,84800,543
2020-04-21,68.690002,70.57,68.010002,70.050003,70.050003,152400,544
2020-04-22,70.919998,71.660004,70.379997,71.650002,71.650002,103600,545
2020-04-23,72.449997,74.300003,71.68,73.239998,73.239998,188500,546
2020-04-24,72.650002,72.650002,70.739998,72.290001,72.290001,87600,547
2020-04-27,71.940002,72.18,71.010002,72.080002,72.080002,62600,548
2020-04-28,72.360001,73.800003,71.690002,73.800003,73.800003,120900,549
2020-04-29,74.099998,75,72.879997,73.870003,73.870003,108100,550
2020-04-30,73.379997,74.610001,73.099998,74.019997,74.019997,109600,551
2020-05-01,72.510002,72.669998,71.339996,72.160004,72.160004,95500,552
2020-05-04,72.099998,72.809998,71.800003,72.639999,72.639999,81300,553
2020-05-05,72.489998,72.980003,72.199997,72.559998,72.559998,64800,554
2020-05-06,71.089996,71.760002,70.169998,70.709999,70.709999,145300,555
2020-05-07,71.129997,72.68,71.129997,72.150002,72.150002,82300,556
2020-05-08,72.339996,73.080002,72.209999,72.480003,72.480003,102000,557
2020-05-11,71.5,72.25,71.5,72.25,72.25,35400,558
2020-05-12,71.919998,72.510002,71.379997,71.800003,71.800003,80400,559
2020-05-13,72.029999,72.029999,71.269997,71.68,71.68,53700,560
2020-05-14,71.720001,72.910004,71.449997,72.709999,72.709999,58200,561
2020-05-15,72.800003,75.5,72.800003,75.349998,75.349998,207700,562
2020-05-18,77.360001,78.419998,76.480003,77.599998,77.599998,321600,563
2020-05-19,78.57,79.839996,78.400002,79.110001,79.110001,259200,564
2020-05-20,80,81.610001,78.849998,81.139999,81.139999,442300,565
2020-05-21,80.010002,80.239998,77.019997,78.839996,78.839996,204000,566
2020-05-22,79.279999,79.699997,78.269997,78.269997,78.269997,87900,567
2020-05-26,78.150002,78.730003,77.459999,78.410004,78.410004,97600,568
2020-05-27,77.620003,78.989998,77.059998,78.889999,78.889999,72000,569
2020-05-28,79.089996,79.300003,77.199997,78.629997,78.629997,149800,570
2020-05-29,78.660004,79.169998,77.989998,79.059998,79.059998,174800,571
2020-06-01,78.379997,81.160004,78.209999,81.120003,81.120003,233600,572
2020-06-02,79.730003,79.760002,78.050003,79.75,79.75,197100,573
2020-06-03,78.349998,79.330002,78,78.459999,78.459999,168900,574
2020-06-04,78.550003,79.650002,77.540001,79.129997,79.129997,122500,575
2020-06-05,77.169998,77.580002,75.559998,77.360001,77.360001,279000,576
2020-06-08,78.540001,79.099998,77.480003,78.980003,78.980003,68100,577
2020-06-09,78.150002,79.260002,78.050003,78.43,78.43,79100,578
2020-06-10,78.300003,79.400002,77.120003,79.209999,79.209999,99400,579
2020-06-11,77.809998,78.620003,75.32,75.82,75.82,150400,580
2020-06-12,77.529999,77.809998,75.510002,76.519997,76.519997,68300,581
2020-06-15,75.089996,76.980003,74.220001,76.669998,76.669998,80500,582
2020-06-16,77.790001,78.599998,76.870003,77.879997,77.879997,188800,583
2020-06-17,77.690002,78,77.18,77.480003,77.480003,44400,584
2020-06-18,76.260002,76.620003,75.230003,76.459999,76.459999,144300,585
2020-06-19,77.25,78.389999,76.360001,77.089996,77.089996,75800,586
2020-06-22,77.540001,78.550003,77.25,77.629997,77.629997,76600,587
2020-06-23,77.769997,78.779999,77.540001,78.639999,78.639999,151400,588
2020-06-24,75.830002,76.849998,75.599998,75.760002,75.760002,668400,589
2020-06-25,75.779999,75.870003,74.75,75.730003,75.730003,57400,590
2020-06-26,75.660004,76.360001,74.800003,75.800003,75.800003,150400,591
2020-06-29,76,76.769997,75.870003,76.410004,76.410004,73400,592
2020-06-30,76.75,78.190002,76.230003,78.169998,78.169998,99000,593
2020-07-01,77.370003,77.779999,76.019997,77.68,77.68,88200,594
2020-07-02,76.839996,77.290001,76.300003,76.879997,76.879997,117100,595
2020-07-06,77.879997,78.470001,76.82,77.849998,77.849998,109100,596
2020-07-07,78.199997,79.5,78.139999,79.18,79.18,105100,597
2020-07-08,79.269997,80.75,79.269997,80.139999,80.139999,100800,598
2020-07-09,80.120003,80.139999,77.510002,79.07,79.07,164800,599
2020-07-10,79.199997,79.5,78,78.25,78.25,59000,600
2020-07-13,80.050003,80.110001,78.559998,78.650002,78.650002,222000,601
2020-07-14,77.5,77.959999,76.690002,77.779999,77.779999,147700,602
2020-07-15,78.110001,78.5,77.629997,78.339996,78.339996,47000,603
2020-07-16,77.580002,78.699997,77.190002,77.519997,77.519997,76300,604
2020-07-17,78.07,79.099998,78.07,78.790001,78.790001,72500,605
2020-07-20,80.190002,80.32,79,80.290001,80.290001,217900,606
2020-07-21,81.889999,83.660004,81.580002,82.970001,82.970001,401400,607
2020-07-22,84.139999,87.360001,83.900002,87.190002,87.190002,388000,608
2020-07-23,86.07,87.919998,85.199997,86.620003,86.620003,428000,609
2020-07-24,87.470001,87.5,86.029999,86.68,86.68,162600,610
2020-07-27,87.419998,89.230003,86.900002,88.400002,88.400002,556800,611
2020-07-28,88.379997,89.870003,87.5,89.599998,89.599998,233200,612
2020-07-29,88.5,88.919998,86.910004,88.32,88.32,381900,613
2020-07-30,84,85.209999,82.800003,84.629997,84.629997,446200,614
2020-07-31,85.480003,85.800003,84.580002,85.260002,85.260002,237500,615
2020-08-03,86.550003,86.68,85.769997,86.290001,86.290001,265100,616
2020-08-04,86.980003,88.879997,86.68,88.879997,88.879997,209000,617
2020-08-05,90.239998,92.529999,89.699997,91.650002,91.650002,564800,618
2020-08-06,92.720001,94.139999,91.150002,93.839996,93.839996,367600,619
2020-08-07,91.379997,91.669998,89.25,90.389999,90.389999,532700,620
2020-08-10,92.910004,94.900002,92.559998,93.019997,93.019997,482500,621
2020-08-11,89.779999,91.260002,87.790001,88,88,563700,622
2020-08-12,88.519997,89.25,87.029999,87.25,87.25,208200,623
2020-08-13,88.800003,91.349998,88.690002,90.68,90.68,240700,624
2020-08-14,90.699997,91.199997,88.660004,89.029999,89.029999,146100,625
2020-08-17,89.870003,90.269997,89.309998,90.199997,90.199997,203600,626
2020-08-18,91.019997,91.529999,88.720001,91.150002,91.150002,320100,627
2020-08-19,89.480003,89.779999,87.25,87.589996,87.589996,217600,628
2020-08-20,86.25,86.889999,85.5,86.669998,86.669998,331100,629
2020-08-21,85.339996,86.93,84.699997,86.870003,86.870003,617500,630
2020-08-24,88,88,86.089996,86.410004,86.410004,93900,631
2020-08-25,87.470001,87.769997,86.690002,87.720001,87.720001,142100,632
2020-08-26,87.010002,88.379997,86.980003,88.25,88.25,194200,633
2020-08-27,89.25,89.25,85.709999,87.019997,87.019997,167500,634
2020-08-28,87.93,88.290001,87.230003,87.879997,87.879997,194200,635
2020-08-31,87.629997,88.379997,87.349998,87.889999,87.889999,265700,636
2020-09-01,90.360001,90.5,88.370003,88.639999,88.639999,294800,637
2020-09-02,86.379997,86.519997,84.550003,85.650002,85.650002,358800,638
2020-09-03,85.260002,85.75,83.059998,83.449997,83.449997,258600,639
2020-09-04,84.860001,85.230003,83.739998,84.800003,84.800003,162500,640
2020-09-08,84.099998,85.860001,83.309998,84.830002,84.830002,142400,641
2020-09-09,86.199997,86.849998,85.910004,86.790001,86.790001,82500,642
2020-09-10,87.669998,88.32,86.650002,86.830002,86.830002,119500,643
2020-09-11,87.870003,88.550003,87.010002,87.099998,87.099998,112000,644
2020-09-14,89.190002,90.160004,88.870003,89.75,89.75,151300,645
2020-09-15,90.790001,91.699997,89.769997,91.110001,91.110001,165700,646
2020-09-16,91.620003,91.879997,90.510002,90.919998,90.919998,177400,647
2020-09-17,87.919998,88.379997,86.800003,88.190002,88.190002,214700,648
2020-09-18,88.07,88.220001,87.18,87.18,87.18,126100,649
2020-09-21,85.110001,85.300003,80.5,83.389999,83.389999,335700,650
2020-09-22,82.739998,83.139999,81,81.830002,81.830002,142000,651
2020-09-23,80.620003,80.959999,78.5,78.730003,78.730003,273500,652
2020-09-24,78.5,80.32,77.839996,79.970001,79.970001,233100,653
2020-09-25,78.650002,80.510002,78.650002,80.07,80.07,190700,654
2020-09-28,81.480003,83.449997,81.32,83.019997,83.019997,154000,655
2020-09-29,82.82,83.889999,82.540001,83.25,83.25,107600,656
2020-09-30,83.5,85.18,82.5,83.989998,83.989998,128000,657
2020-10-01,84.760002,85.040001,83.760002,84.739998,84.739998,88500,658
2020-10-02,83.82,84.080002,82.599998,82.599998,82.599998,84300,659
2020-10-05,83.110001,84.669998,83.110001,84.360001,84.360001,59100,660
2020-10-06,82.709999,82.959999,80.32,80.730003,80.730003,322500,661
2020-10-07,81.25,81.580002,80.459999,81.32,81.32,69800,662
2020-10-08,81.620003,82,80.620003,81.239998,81.239998,106000,663
2020-10-09,83.760002,83.989998,83.029999,83.660004,83.660004,196800,664
2020-10-12,82.980003,83.410004,81.739998,82.400002,82.400002,100300,665
2020-10-13,81.459999,82.360001,80.800003,81.540001,81.540001,85100,666
2020-10-14,81.43,81.650002,80.629997,80.760002,80.760002,97500,667
2020-10-15,79.589996,81.480003,79.330002,81.339996,81.339996,112000,668
2020-10-16,81.660004,82.32,81.029999,81.110001,81.110001,141000,669
2020-10-19,81.949997,81.949997,80.239998,80.360001,80.360001,73800,670
2020-10-20,81.550003,82.690002,81.519997,82.050003,82.050003,109200,671
2020-10-21,83.790001,84.150002,83,83.5,83.5,135600,672
2020-10-22,81.699997,83.370003,81.029999,82.870003,82.870003,89900,673
2020-10-23,85.459999,86.290001,84.739998,84.980003,84.980003,152600,674
2020-10-26,82.559998,83.230003,81.82,82.300003,82.300003,117800,675
2020-10-27,82.360001,83.400002,81.989998,82.75,82.75,55800,676
2020-10-28,80.730003,82.360001,80.5,81.489998,81.489998,191700,677
2020-10-29,80.459999,81.139999,79.349998,80.029999,80.029999,167600,678
2020-10-30,80.160004,80.309998,79.25,79.610001,79.610001,221600,679
2020-11-02,80.459999,81.089996,80.269997,80.849998,80.849998,102900,680
2020-11-03,82,82.389999,80.849998,81.709999,81.709999,168500,681
2020-11-04,81.849998,82.580002,81.260002,81.690002,81.690002,76700,682
2020-11-05,84.050003,85.220001,83.43,84.290001,84.290001,161900,683
2020-11-06,85.260002,85.260002,83.339996,83.639999,83.639999,198400,684
2020-11-09,81.480003,81.650002,79.769997,81.059998,81.059998,275800,685
2020-11-10,82,83.650002,81.220001,82.839996,82.839996,92200,686
2020-11-11,81.559998,81.639999,80.639999,81.199997,81.199997,81300,687
2020-11-12,82.010002,83,82.010002,82.349998,82.349998,154800,688
2020-11-13,83.75,83.889999,83.120003,83.629997,83.629997,58200,689
2020-11-16,85,87,84.5,86.849998,86.849998,188600,690
2020-11-17,87.169998,87.790001,86.910004,87.040001,87.040001,143100,691
2020-11-18,87.760002,89.370003,87.57,88.389999,88.389999,165300,692
2020-11-19,88.010002,89.220001,87.82,89.220001,89.220001,165600,693
2020-11-20,89.980003,90.269997,88.879997,89.110001,89.110001,90200,694
2020-11-23,88.769997,89.040001,85.849998,87.120003,87.120003,243600,695
2020-11-24,87.790001,90.150002,87.639999,90,90,177900,696
2020-11-25,89.699997,90.839996,89.43,90.699997,90.699997,118900,697
2020-11-27,89.150002,90.919998,88.769997,90.470001,90.470001,77900,698
2020-11-30,91.699997,91.82,90.089996,90.739998,90.739998,224500,699
2020-12-01,92.699997,94.129997,92.589996,94.080002,94.080002,375500,700
2020-12-02,94.68,95.470001,94.330002,95.019997,95.019997,418900,701
2020-12-03,96.5,97.43,93.989998,97.290001,97.290001,394100,702
2020-12-04,99.949997,101.279999,98.150002,99.910004,99.910004,559400,703
2020-12-07,96.269997,98.449997,96.029999,96.629997,96.629997,323500,704
2020-12-08,96.440002,97.139999,96,96.360001,96.360001,156400,705
2020-12-09,96.25,96.370003,93.120003,93.980003,93.980003,210700,706
2020-12-10,96.870003,97.379997,95.550003,96.709999,96.709999,151100,707
2020-12-11,94.949997,95.949997,94,95,95,109900,708
2020-12-14,95.970001,96.230003,93.82,94.709999,94.709999,120400,709
2020-12-15,96.339996,97.639999,96.120003,97.589996,97.589996,136800,710
2020-12-16,97.43,97.57,95.870003,97.32,97.32,210000,711
2020-12-17,98.470001,99.18,96.650002,98.059998,98.059998,227900,712
2020-12-18,97.5,97.870003,96.25,96.989998,96.989998,99600,713
2020-12-21,93.559998,95.480003,93,95.260002,95.260002,311900,714
2020-12-22,95.720001,95.720001,93.400002,94.32,94.32,111300,715
2020-12-23,95.089996,95.900002,94.970001,95.629997,95.629997,108300,716
2020-12-24,96,96.5,95.669998,96.260002,96.260002,56400,717
2020-12-28,97.75,98.519997,96.800003,96.959999,96.959999,129000,718
2020-12-29,98,99.5,97.589996,98.959999,98.959999,169700,719
2020-12-30,99.68,101,99.5,100.730003,100.730003,192100,720
2020-12-31,100.75,101.150002,100.099998,100.730003,100.730003,118300,721
2021-01-04,105.25,106.18,98.290001,100.099998,100.099998,376900,722
2021-01-05,101.769997,104.709999,101.199997,104.690002,104.690002,264800,723
2021-01-06,102.610001,104,101.18,103.220001,103.220001,165200,724
2021-01-07,104.050003,105.290001,103.43,105.150002,105.150002,120600,725
2021-01-08,104.169998,104.379997,98.800003,100.019997,100.019997,311700,726
2021-01-11,94.879997,97.949997,94.620003,96.940002,96.940002,304900,727
2021-01-12,99.339996,101,98,100.900002,100.900002,148400,728
2021-01-13,101.139999,103.760002,101.139999,103.139999,103.139999,232500,729
2021-01-14,104,105.190002,103.099998,104.949997,104.949997,139800,730
2021-01-15,102.449997,102.800003,100.260002,100.269997,100.269997,314700,731
2021-01-19,102.529999,102.559998,100.75,101.669998,101.669998,168700,732
2021-01-20,103.349998,104.650002,102.620003,104.080002,104.080002,112400,733
2021-01-21,106.910004,107.110001,104.910004,105.949997,105.949997,162300,734
2021-01-22,103.059998,104.300003,102.410004,103.269997,103.269997,117100,735
2021-01-25,103.879997,104.470001,101.199997,102.889999,102.889999,153000,736
2021-01-26,102.910004,103.470001,102.379997,103,103,89700,737
2021-01-27,100.510002,101.080002,99.410004,99.949997,99.949997,168300,738
2021-01-28,101.849998,102.900002,99.75,100.650002,100.650002,144500,739
2021-01-29,103.5,103.919998,100.07,100.440002,100.440002,181700,740
2021-02-01,105,105.949997,104.25,105.370003,105.370003,355000,741
2021-02-02,104.059998,104.089996,101.639999,102.050003,102.050003,214500,742
2021-02-03,102.669998,103.529999,102.209999,102.879997,102.879997,194100,743
2021-02-04,101.459999,102.959999,100.68,102.809998,102.809998,70000,744
2021-02-05,105.239998,105.599998,104.699997,105.550003,105.550003,107800,745
2021-02-08,109.129997,110.279999,108.739998,108.980003,108.980003,345800,746
2021-02-09,110.059998,111.620003,109.099998,110.830002,110.830002,354900,747
2021-02-10,115.480003,116.809998,114.5,116.400002,116.400002,513500,748
2021-02-11,116.540001,118.5,115.300003,116.150002,116.150002,385800,749
2021-02-12,114.529999,117.949997,114.169998,117.510002,117.510002,509300,750
2021-02-16,119.080002,122.480003,117.830002,118.43,118.43,1173700,751
2021-02-17,116.839996,118.139999,115.599998,117.650002,117.650002,422900,752
2021-02-18,118.540001,119.489998,116.400002,119.220001,119.220001,399700,753
2021-02-19,120.349998,121.800003,119.010002,119.43,119.43,235000,754
2021-02-22,118.949997,119.580002,118.360001,119.32,119.32,431500,755
2021-02-23,117.300003,117.300003,113.139999,116.220001,116.220001,235500,756
2021-02-24,116.629997,118.989998,115.940002,118.919998,118.919998,207300,757
2021-02-25,117.669998,118.410004,114.019997,114.580002,114.580002,274600,758
2021-02-26,112.419998,112.639999,109.199997,111.230003,111.230003,343000,759
2021-03-01,113.220001,113.830002,110.800003,111.18,111.18,286700,760
2021-03-02,111.050003,113.529999,110.75,112.940002,112.940002,295300,761
2021-03-03,111.169998,111.519997,109.440002,110.010002,110.010002,205100,762
2021-03-04,108.459999,110.459999,104.620003,105.599998,105.599998,441400,763
2021-03-05,105.800003,106.040001,104.410004,106.029999,106.029999,220200,764
2021-03-08,107.089996,108.260002,106.540001,106.559998,106.559998,218500,765
2021-03-09,109.169998,110.580002,109.169998,109.779999,109.779999,167600,766
2021-03-10,110.769997,113.309998,110.300003,112.699997,112.699997,228500,767
2021-03-11,112.260002,113.449997,111.599998,112.400002,112.400002,481900,768
2021-03-12,110.57,112.889999,110.019997,112.68,112.68,250700,769
2021-03-15,114.080002,114.32,112.559998,113.610001,113.610001,168100,770
2021-03-16,114.010002,114.699997,113.120003,113.779999,113.779999,106600,771
2021-03-17,112.459999,114.190002,111.419998,113.809998,113.809998,122100,772
2021-03-18,113.260002,115.190002,113.150002,113.510002,113.510002,157100,773
2021-03-19,110.379997,112.489998,109.519997,111.660004,111.660004,203200,774
2021-03-22,110.110001,111.300003,109.730003,110.989998,110.989998,92200,775
2021-03-23,110.809998,113.5,109.040001,109.080002,109.080002,149900,776
2021-03-24,109.989998,110.629997,109.209999,109.25,109.25,91000,777
2021-03-25,109,110.32,107.150002,107.160004,107.160004,198600,778
2021-03-26,108.769997,110.639999,108.209999,110.379997,110.379997,111600,779
2021-03-29,110.889999,111,108.919998,109.989998,109.989998,110100,780
2021-03-30,109.25,109.300003,107.699997,107.860001,107.860001,169700,781
2021-03-31,109.980003,111.5,109.980003,111.309998,111.309998,150500,782
2021-04-01,112,113.660004,111.720001,113.550003,113.550003,201500,783
2021-04-05,112.769997,113.93,112.669998,113.449997,113.449997,148700,784
2021-04-06,114.650002,116.5,114.43,116.230003,116.230003,145800,785
2021-04-07,116.110001,116.110001,114.059998,115.050003,115.050003,155000,786
2021-04-08,115.580002,115.580002,114.010002,115.309998,115.309998,91600,787
2021-04-09,112.510002,113.550003,112.099998,112.870003,112.870003,89500,788
2021-04-12,110.610001,110.760002,109.300003,109.980003,109.980003,146600,789
2021-04-13,109.739998,110.720001,108.029999,108.410004,108.410004,493100,790
2021-04-14,110.040001,110.910004,109.410004,109.709999,109.709999,137500,791
2021-04-15,111.82,112.629997,111.559998,112.059998,112.059998,97200,792
2021-04-16,111.849998,113.300003,111.540001,112.589996,112.589996,65700,793
2021-04-19,113.300003,114.330002,112.239998,113.25,113.25,74500,794
2021-04-20,111.620003,112.959999,110.849998,111.379997,111.379997,126600,795
2021-04-21,111.300003,114.379997,111.300003,114.349998,114.349998,108800,796
2021-04-22,113.690002,113.769997,112.139999,112.790001,112.790001,70400,797
2021-04-23,115.949997,116.309998,114.050003,115.220001,115.220001,145000,798
2021-04-26,116.25,116.550003,114.940002,116.550003,116.550003,105800,799
2021-04-27,116.559998,117.470001,114.910004,115.120003,115.120003,100400,800
2021-04-28,113.309998,114.760002,112.889999,114.360001,114.360001,98200,801
2021-04-29,112.800003,113.169998,109.769997,112.5,112.5,154300,802
2021-04-30,113.82,113.879997,111.949997,112.050003,112.050003,74600,803
2021-05-03,114.330002,116.389999,114.330002,114.989998,114.989998,171500,804
2021-05-04,116.690002,118.559998,113.889999,115.599998,115.599998,208700,805
2021-05-05,114.620003,115.190002,114.129997,114.699997,114.699997,49600,806
2021-05-06,115.300003,117.610001,115.300003,117.599998,117.599998,121300,807
2021-05-07,116.660004,118.040001,116,117.620003,117.620003,99100,808
2021-05-10,118.989998,119.389999,116.629997,117.169998,117.169998,91700,809
2021-05-11,114.57,116.25,114.129997,116,116,97600,810
2021-05-12,115.269997,116.260002,113.449997,113.739998,113.739998,100900,811
2021-05-13,112.989998,114.059998,112.199997,113.059998,113.059998,130800,812
2021-05-14,114.790001,115.089996,113.870003,114.889999,114.889999,55100,813
2021-05-17,114.889999,116.5,114.720001,116.25,116.25,83800,814
2021-05-18,115.18,115.18,113.650002,114.400002,114.400002,121300,815
2021-05-19,112.010002,113.029999,110.699997,111.449997,111.449997,212200,816
2021-05-20,113.050003,113.050003,112,112.290001,112.290001,140600,817
2021-05-21,112.5,112.599998,109.040001,109.470001,109.470001,176700,818
2021-05-24,109.910004,110.559998,109.57,110.080002,110.080002,62000,819
2021-05-25,110.849998,111.980003,110.510002,111.830002,111.830002,87400,820
2021-05-26,112,112.43,111.120003,111.370003,111.370003,102800,821
2021-05-27,109.699997,110.540001,109.360001,110.360001,110.360001,105400,822
2021-05-28,110.339996,110.839996,109.599998,110.459999,110.459999,69300,823
2021-06-01,111.650002,112.720001,111.419998,111.839996,111.839996,165700,824
2021-06-02,111.559998,111.629997,110.199997,111.440002,111.440002,110200,825
2021-06-03,108.860001,108.980003,107.5,108.809998,108.809998,209900,826
2021-06-04,108.900002,109.389999,108.410004,109.339996,109.339996,103700,827
2021-06-07,110.019997,110.279999,109.349998,109.910004,109.910004,73200,828
2021-06-08,109.07,109.07,108.169998,108.870003,108.870003,62100,829
2021-06-09,108.970001,108.970001,107.510002,107.730003,107.730003,90600,830
2021-06-10,106.089996,107.989998,105.720001,107.989998,107.989998,109300,831
2021-06-11,108.120003,108.279999,107.099998,107.480003,107.480003,79800,832
2021-06-14,108.279999,109.720001,108.139999,108.739998,108.739998,89700,833
2021-06-15,107.980003,107.980003,107.150002,107.860001,107.860001,71400,834
2021-06-16,107.110001,107.510002,105.699997,105.849998,105.849998,111000,835
2021-06-17,102.160004,102.889999,98,99.650002,99.650002,445400,836
2021-06-18,99.510002,99.980003,97.32,97.510002,97.510002,247900,837
2021-06-21,97.800003,99.199997,97.080002,99.199997,99.199997,133100,838
2021-06-22,99.349998,100.870003,99.099998,100.629997,100.629997,115200,839
2021-06-23,101.900002,102.629997,101.300003,101.489998,101.489998,117400,840
2021-06-24,102.300003,102.739998,101.629997,102.290001,102.290001,76800,841
2021-06-25,103.660004,103.860001,102.75,103.43,103.43,72500,842
2021-06-28,103.169998,103.669998,102.099998,102.349998,102.349998,58600,843
2021-06-29,100.400002,100.599998,99.529999,99.669998,99.669998,113800,844
2021-06-30,98.739998,100.379997,98.400002,100.260002,100.260002,191800,845
2021-07-01,101.400002,101.639999,100.239998,101.5,101.5,166200,846
2021-07-02,102.07,102.459999,100.879997,102.309998,102.309998,142700,847
2021-07-06,103.93,103.93,100.730003,101.870003,101.870003,159500,848
2021-07-07,101.900002,102.360001,100.040001,101.510002,101.510002,52600,849
2021-07-08,100.660004,100.720001,99.650002,100.470001,100.470001,218700,850
2021-07-09,101.699997,102.949997,101.5,102.760002,102.760002,46300,851
2021-07-12,103.519997,105,102.760002,104.959999,104.959999,209600,852
2021-07-13,104.120003,104.660004,103.480003,103.5,103.5,54100,853
2021-07-14,105.580002,106.040001,105.010002,105.550003,105.550003,97100,854
2021-07-15,106.160004,107.080002,105.809998,106.400002,106.400002,94500,855
2021-07-16,105.470001,105.559998,102.449997,102.510002,102.510002,128100,856
2021-07-19,101.349998,101.989998,99.510002,100.019997,100.019997,134300,857
2021-07-20,99.190002,100.419998,98.660004,99.669998,99.669998,132400,858
2021-07-21,99.900002,101.080002,99.900002,101,101,105400,859
2021-07-22,101.220001,102.279999,100.300003,102.010002,102.010002,97800,860
2021-07-23,100.07,100.07,97.589996,99.239998,99.239998,149400,861
2021-07-26,99.690002,100.459999,99.400002,99.910004,99.910004,87700,862
2021-07-27,99.82,99.82,97.940002,98.410004,98.410004,120100,863
2021-07-28,98.120003,99.940002,98.040001,99.889999,99.889999,78600,864
2021-07-29,100,100.190002,99.5,99.5,99.5,110300,865
2021-07-30,98.18,98.849998,97.269997,98.010002,98.010002,187900,866
2021-08-02,98.949997,100.080002,98.410004,98.440002,98.440002,157600,867
2021-08-03,98.150002,98.32,97.32,98.010002,98.010002,105900,868
2021-08-04,98.199997,98.639999,95.360001,95.540001,95.540001,239100,869
2021-08-05,95.110001,95.110001,94.029999,94.029999,94.029999,157700,870
2021-08-06,93.019997,93.050003,91.25,91.550003,91.550003,282900,871
2021-08-09,91.730003,92.370003,91.050003,91.400002,91.400002,177900,872
2021-08-10,92.089996,93.860001,91.800003,92.940002,92.940002,242100,873
2021-08-11,94.419998,95.599998,93.970001,95.550003,95.550003,216800,874
2021-08-12,95.510002,95.889999,94.57,95.410004,95.410004,90600,875
2021-08-13,95.93,96.459999,95.620003,96.010002,96.010002,63100,876
2021-08-16,95.5,95.790001,94.900002,95.620003,95.620003,63300,877
2021-08-17,95.089996,95.18,92.610001,93.019997,93.019997,116900,878
2021-08-18,93.029999,94,92.459999,93.220001,93.220001,80200,879
2021-08-19,90.82,91.57,90.349998,90.839996,90.839996,257700,880
2021-08-20,91.309998,93.25,91.300003,92.870003,92.870003,110400,881
2021-08-23,94.800003,95.110001,94,94.639999,94.639999,98600,882
2021-08-24,94.389999,95.129997,94.220001,94.349998,94.349998,85900,883
2021-08-25,93.050003,93.239998,92.25,93.199997,93.199997,94900,884
2021-08-26,92.400002,92.400002,91.209999,91.290001,91.290001,104500,885
2021-08-27,92.5,94.559998,92.349998,94.32,94.32,85900,886
2021-08-30,94.370003,94.629997,93.32,94.190002,94.190002,50400,887
2021-08-31,93.610001,95.120003,93.610001,94.769997,94.769997,157300,888
2021-09-01,94.199997,94.480003,93.199997,93.529999,93.529999,120800,889
2021-09-02,93.779999,94.32,92.839996,93.360001,93.360001,146800,890
2021-09-03,93.440002,96.059998,93.400002,95.550003,95.550003,135100,891
2021-09-07,94.629997,95.209999,92.870003,93.099998,93.099998,116100,892
2021-09-08,92.760002,93.099998,91.239998,91.599998,91.599998,160100,893
2021-09-09,91.970001,92.269997,91.059998,91.279999,91.279999,75400,894
2021-09-10,91.260002,91.580002,89.050003,89.449997,89.449997,220600,895
2021-09-13,89.519997,90.110001,89.110001,89.830002,89.830002,120700,896
2021-09-14,89.010002,89.010002,87.529999,88.160004,88.160004,211400,897
2021-09-15,88,88.209999,86.470001,87.889999,87.889999,226500,898
2021-09-16,87.699997,87.910004,86.860001,87.449997,87.449997,131300,899
2021-09-17,88.82,89.199997,87.339996,87.75,87.75,187900,900
2021-09-20,86.290001,86.440002,84.5,85.269997,85.269997,219100,901
2021-09-21,87.959999,89.660004,87.629997,89.550003,89.550003,345300,902
2021-09-22,92.32,94.379997,92,92.800003,92.800003,245000,903
2021-09-23,92.330002,93.419998,92.330002,92.699997,92.699997,71200,904
2021-09-24,90.489998,91.730003,90.230003,91.339996,91.339996,89600,905
2021-09-27,91.360001,92.269997,91.300003,91.510002,91.510002,60800,906
2021-09-28,91.940002,92.010002,89.879997,90.099998,90.099998,85900,907
2021-09-29,89.32,89.32,88.300003,88.93,88.93,104800,908
2021-09-30,89.900002,90.57,89.43,90.199997,90.199997,86700,909
2021-10-01,90.82,91.400002,90.410004,90.989998,90.989998,51400,910
2021-10-04,88.970001,90.300003,88.610001,90.120003,90.120003,82100,911
2021-10-05,88.739998,89.989998,88.730003,89.889999,89.889999,104800,912
2021-10-06,90.150002,92.5,90.150002,92.470001,92.470001,144400,913
2021-10-07,91.690002,93.239998,91.650002,91.709999,91.709999,84400,914
2021-10-08,96.699997,97.019997,94.830002,95.660004,95.660004,131700,915
2021-10-11,96,96.269997,93.860001,94.010002,94.010002,64800,916
2021-10-12,94.519997,95.230003,94.07,94.309998,94.309998,48600,917
2021-10-13,94.620003,96.5,94.620003,95.300003,95.300003,103100,918
2021-10-14,96.709999,99.199997,96.540001,99.089996,99.089996,117600,919
2021-10-15,98.400002,98.910004,97.980003,98.620003,98.620003,150300,920
2021-10-18,97.449997,97.790001,96.550003,96.709999,96.709999,116900,921
2021-10-19,97.629997,97.860001,96.870003,97.129997,97.129997,59400,922
2021-10-20,97.169998,98.410004,97.050003,98.099998,98.099998,92500,923
2021-10-21,97.739998,98.260002,97.400002,98.260002,98.260002,107200,924
2021-10-22,99.029999,100.449997,96.910004,97.099998,97.099998,197500,925
2021-10-25,97.900002,99.139999,97.720001,98.730003,98.730003,109000,926
2021-10-26,97.639999,97.639999,94.669998,95.769997,95.769997,178300,927
2021-10-27,95.010002,95.559998,93.879997,93.970001,93.970001,161400,928
2021-10-28,95.830002,96.370003,94.709999,95.080002,95.080002,52800,929
2021-10-29,94.099998,95.230003,93.760002,94.709999,94.709999,56100,930
2021-11-01,98.050003,99.5,97.68,99.349998,99.349998,107800,931
2021-11-02,98.199997,98.449997,96.610001,96.639999,96.639999,80300,932
2021-11-03,96.239998,96.68,95.169998,96.07,96.07,88400,933
2021-11-04,97.300003,97.650002,95.699997,95.93,95.93,95100,934
2021-11-05,97.040001,97.040001,95.800003,96.830002,96.830002,34800,935
2021-11-08,98.800003,99.220001,98.389999,98.839996,98.839996,100700,936
2021-11-09,98.800003,99.349998,97.459999,98.900002,98.900002,93200,937
2021-11-10,101.290001,101.910004,99.360001,99.699997,99.699997,172800,938
2021-11-11,101.589996,101.879997,100.980003,101.480003,101.480003,81900,939
2021-11-12,100.239998,101.330002,100.129997,100.959999,100.959999,63700,940
2021-11-15,101.150002,102.269997,101.019997,101.540001,101.540001,100100,941
2021-11-16,100.769997,101.080002,99,99,99,114200,942
2021-11-17,99.290001,99.800003,98.419998,98.959999,98.959999,78900,943
2021-11-18,99.419998,99.57,97.190002,97.800003,97.800003,102900,944
2021-11-19,97.010002,97.589996,96.080002,96.080002,96.080002,68500,945
2021-11-22,95.809998,96.519997,94.5,94.709999,94.709999,124100,946
2021-11-23,91.480003,91.480003,89.330002,90.580002,90.580002,323800,947
2021-11-24,91.010002,91.599998,90.279999,91.5,91.5,97000,948
2021-11-26,91.5,91.580002,88.5,89.080002,89.080002,172600,949
2021-11-29,90.599998,90.910004,89.709999,89.720001,89.720001,84600,950
2021-11-30,88.300003,89.639999,86.559998,87.099998,87.099998,170900,951
2021-12-01,88.129997,89.230003,86.599998,86.599998,86.599998,129700,952
2021-12-02,87.660004,87.769997,86.800003,87.589996,87.589996,86200,953
2021-12-03,87.980003,88.120003,86.290001,87.089996,87.089996,128700,954
2021-12-06,86.739998,87.860001,86.199997,87.660004,87.660004,118200,955
2021-12-07,88.849998,89.400002,88.5,88.650002,88.650002,85000,956
2021-12-08,88.639999,89.639999,88.629997,89.470001,89.470001,49800,957
2021-12-09,88.720001,88.720001,87.010002,87.199997,87.199997,103000,958
2021-12-10,87.769997,87.889999,86.730003,87.75,87.75,177300,959
2021-12-13,86.809998,87.279999,86.260002,86.57,86.57,181000,960
2021-12-14,85.110001,86.419998,85,85.739998,85.739998,160400,961
2021-12-15,84.800003,85.860001,83.199997,85.709999,85.709999,293300,962
2021-12-16,86.699997,87.32,86.449997,87.199997,87.199997,195200,963
2021-12-17,87.25,87.849998,86.720001,86.970001,86.970001,130400,964
2021-12-20,86.029999,86.910004,85.419998,86.790001,86.790001,138700,965
2021-12-21,87,87.269997,86.449997,87.089996,87.089996,101100,966
2021-12-22,88.129997,90.629997,88.07,90.209999,90.209999,200000,967
2021-12-23,90.209999,90.900002,89.779999,90.709999,90.709999,102600,968
2021-12-27,89.059998,90.559998,89.059998,90.309998,90.309998,123500,969
2021-12-28,91.150002,92.169998,90.610001,90.610001,90.610001,76600,970
2021-12-29,89.459999,90.349998,89.449997,90.160004,90.160004,88800,971
2021-12-30,89.559998,90.660004,89.5,89.589996,89.589996,126000,972
2021-12-31,89.059998,90.120003,88.550003,89.900002,89.900002,93900,973
2022-01-03,86.790001,89.339996,86.510002,89.129997,89.129997,130400,974
2022-01-04,90.989998,91.769997,90.519997,90.809998,90.809998,88400,975
2022-01-05,91.720001,93.559998,91.220001,91.5,91.5,195400,976
2022-01-06,89.849998,90.300003,88.860001,89.730003,89.730003,88100,977
2022-01-07,89.629997,89.779999,88.57,89.220001,89.220001,104600,978
2022-01-10,86.760002,87.980003,86.230003,87.980003,87.980003,120600,979
2022-01-11,87.889999,91.089996,87.699997,90.900002,90.900002,113400,980
2022-01-12,91.449997,91.989998,90.910004,90.949997,90.949997,155000,981
2022-01-13,90.949997,91.160004,89.980003,90.269997,90.269997,40000,982
2022-01-14,91.18,91.75,90.139999,90.309998,90.309998,49200,983
2022-01-18,90.970001,92,90.699997,91.529999,91.529999,133000,984
2022-01-19,94.690002,96.610001,94.620003,95.639999,95.639999,218100,985
2022-01-20,98.300003,98.470001,96.919998,96.980003,96.980003,238300,986
2022-01-21,97.660004,98.139999,95.849998,95.910004,95.910004,157900,987
2022-01-24,95.339996,95.730003,93.650002,95.699997,95.699997,120600,988
2022-01-25,94.129997,96.43,94.059998,95.790001,95.790001,76200,989
2022-01-26,97.309998,99.050003,95.879997,96.129997,96.129997,210400,990
2022-01-27,94.900002,95.860001,94.199997,95.019997,95.019997,118200,991
2022-01-28,92.919998,94.099998,92.510002,93.970001,93.970001,77300,992
2022-01-31,94.440002,95.370003,94.120003,95.370003,95.370003,70300,993
2022-02-01,96.720001,96.779999,94.879997,95.620003,95.620003,78800,994
2022-02-02,96.860001,97.379997,96.300003,96.370003,96.370003,88200,995
2022-02-03,95.989998,96.389999,95.160004,96.269997,96.269997,50100,996
2022-02-04,95.110001,95.699997,94.790001,95.589996,95.589996,52700,997
2022-02-07,94.610001,95.32,94.360001,95.290001,95.290001,72900,998
2022-02-08,96.059998,96.620003,95.790001,96.260002,96.260002,53500,999
2022-02-09,96.199997,96.849998,95.5,96.349998,96.349998,46600,1000
2022-02-10,95.43,98.610001,95.419998,95.800003,95.800003,103300,1001
2022-02-11,94.919998,96.769997,94.07,95.959999,95.959999,133400,1002
2022-02-14,96.379997,97.269997,95.809998,96.040001,96.040001,126600,1003
2022-02-15,94.309998,95.889999,93.839996,95.730003,95.730003,68700,1004
2022-02-16,97.25,99.489998,97.150002,99.489998,99.489998,145300,1005
2022-02-17,100.400002,101.830002,99.900002,101.559998,101.559998,210500,1006
2022-02-18,100.760002,101.400002,99.129997,99.419998,99.419998,211300,1007
2022-02-22,101.290001,101.389999,100.07,100.07,100.07,167800,1008
2022-02-23,100.559998,101.940002,100.559998,101.870003,101.870003,133900,1009
2022-02-24,102,102,96.629997,98.379997,98.379997,286000,1010
2022-02-25,98.169998,98.860001,97.370003,98.349998,98.349998,128800,1011
2022-02-28,98.419998,98.660004,96.279999,97.199997,97.199997,151200,1012
2022-03-01,98.07,98.389999,96.980003,98.010002,98.010002,155400,1013
2022-03-02,98.870003,100.25,97.769997,99.849998,99.849998,144800,1014
2022-03-03,100.599998,100.970001,99.870003,100.610001,100.610001,147300,1015
2022-03-04,101.650002,104.650002,101.510002,104.529999,104.529999,310800,1016
2022-03-07,104.720001,106.32,103.779999,104.360001,104.360001,286200,1017
2022-03-08,108.269997,109.849998,105.410004,107.639999,107.639999,406100,1018
2022-03-09,101.120003,102.639999,99.599998,100.879997,100.879997,448700,1019
2022-03-10,101.199997,101.839996,99.169998,101.029999,101.029999,273400,1020
2022-03-11,99.370003,100.589996,99.019997,99.419998,99.419998,266100,1021
2022-03-14,96.720001,97.879997,95.730003,96.699997,96.699997,664800,1022
2022-03-15,93.010002,93.800003,92.290001,92.32,92.32,341400,1023
2022-03-16,93.760002,95.309998,93.010002,95.129997,95.129997,158700,1024
2022-03-17,95.279999,95.980003,94.769997,94.980003,94.980003,212000,1025
2022-03-18,96.120003,96.379997,95.160004,95.230003,95.230003,136200,1026
2022-03-21,96.25,97,96.190002,96.309998,96.309998,169600,1027
2022-03-22,95.040001,95.489998,94.400002,95.230003,95.230003,127300,1028
2022-03-23,95.489998,95.629997,94.349998,95.580002,95.580002,97000,1029
2022-03-24,95.290001,96.220001,94.949997,95.459999,95.459999,142300,1030
2022-03-25,94.5,94.550003,93.400002,93.599998,93.599998,170700,1031
2022-03-28,92.290001,92.650002,91.5,91.599998,91.599998,174800,1032
2022-03-29,90.010002,92.010002,89.610001,91.830002,91.830002,149800,1033
2022-03-30,92.470001,93.5,92.279999,92.650002,92.650002,190200,1034
2022-03-31,91.209999,92.800003,91.199997,91.760002,91.760002,151300,1035
2022-04-01,92.769997,93.059998,91.5,91.980003,91.980003,174200,1036
2022-04-04,92.309998,92.32,91.620003,91.830002,91.830002,106200,1037
2022-04-05,91.75,91.870003,90.150002,90.190002,90.190002,108700,1038
2022-04-06,90.019997,90.169998,88.639999,89.440002,89.440002,262400,1039
2022-04-07,88.690002,90.220001,88.150002,90.050003,90.050003,142700,1040
2022-04-08,90.099998,91.470001,90.099998,90.980003,90.980003,150500,1041
2022-04-11,91.25,91.57,90.510002,91,91,114500,1042
2022-04-12,90.550003,91.589996,89.889999,90,90,426400,1043
2022-04-13,91.290001,92.209999,90.690002,92,92,115600,1044
2022-04-14,91,92.470001,90.639999,91.860001,91.860001,120700,1045
2022-04-18,94,95.099998,94,94.050003,94.050003,133800,1046
2022-04-19,93.860001,93.879997,91.440002,92.160004,92.160004,133600,1047
2022-04-20,91,92.199997,91,92.199997,92.199997,90100,1048
2022-04-21,90.839996,91.300003,89.82,89.879997,89.879997,144500,1049
2022-04-22,87.389999,87.480003,86.400002,86.400002,86.400002,257800,1050
2022-04-25,85.169998,85.959999,84.699997,85.660004,85.660004,161000,1051
2022-04-26,85.279999,86.029999,84.849998,85.779999,85.779999,118400,1052
2022-04-27,85.919998,86.419998,85.07,85.279999,85.279999,107400,1053
2022-04-28,85,85.650002,84.389999,85.389999,85.389999,131300,1054
2022-04-29,86.559998,88.190002,86.400002,87.019997,87.019997,96900,1055
2022-05-02,86.559998,87.830002,85.300003,87.019997,87.019997,83500,1056
2022-05-03,89.25,90.32,89.220001,89.309998,89.309998,118800,1057
2022-05-04,90.339996,92.68,89.730003,92.339996,92.339996,249600,1058
2022-05-05,92.290001,92.290001,89.970001,91.449997,91.449997,195700,1059
2022-05-06,89.720001,90.599998,89.129997,89.360001,89.360001,137800,1060
2022-05-09,88.599998,89.5,88.07,88.419998,88.419998,151100,1061
2022-05-10,91.5,92.449997,89.660004,89.82,89.82,186100,1062
2022-05-11,91.5,93.199997,91.5,92.57,92.57,375200,1063
2022-05-12,89.169998,89.459999,87.43,87.650002,87.650002,200600,1064
2022-05-13,87.330002,88.089996,87.099998,87.510002,87.510002,152600,1065
2022-05-16,87.18,87.839996,87.18,87.739998,87.739998,168800,1066
2022-05-17,88.980003,89.110001,88.239998,88.610001,88.610001,67000,1067
2022-05-18,87.839996,88.110001,86.330002,86.360001,86.360001,143500,1068
2022-05-19,88.260002,89.75,88.260002,89.470001,89.470001,121500,1069
2022-05-20,89.110001,89.5,87.900002,88.629997,88.629997,68200,1070
2022-05-23,89.940002,90.440002,88.769997,89,89,76400,1071
2022-05-24,88.760002,89.809998,88.269997,88.690002,88.690002,77500,1072
2022-05-25,88.290001,88.75,87.57,88.300003,88.300003,78000,1073
2022-05-26,87.480003,88.599998,87.480003,88.230003,88.230003,103900,1074
2022-05-27,88.800003,88.980003,88.239998,88.650002,88.650002,48500,1075
2022-05-31,90.480003,90.900002,89.129997,90,90,124300,1076
2022-06-01,92.650002,93.589996,90.970001,92.510002,92.510002,147200,1077
2022-06-02,93.690002,95.290001,93.610001,94.900002,94.900002,143000,1078
2022-06-03,95.709999,95.989998,93.93,94.349998,94.349998,222900,1079
2022-06-06,95.690002,96.269997,95.300003,95.410004,95.410004,84000,1080
2022-06-07,93.480003,94.459999,93.25,94.199997,94.199997,82000,1081
2022-06-08,93.730003,94.470001,93.510002,93.779999,93.779999,50100,1082
2022-06-09,91.980003,92.07,90.309998,90.379997,90.379997,77100,1083
2022-06-10,89.209999,90.989998,88.919998,90.760002,90.760002,111600,1084
2022-06-13,88.019997,88.110001,86.610001,86.730003,86.730003,128700,1085
2022-06-14,86.550003,87.120003,85.230003,85.43,85.43,309000,1086
2022-06-15,87.610001,88.099998,85.93,87.620003,87.620003,178400,1087
2022-06-16,87.940002,88.93,87.629997,88.5,88.5,96900,1088
2022-06-17,87.309998,87.389999,86.510002,86.769997,86.769997,60400,1089
2022-06-21,86.910004,88.790001,86.910004,87.239998,87.239998,62900,1090
2022-06-22,86.480003,86.779999,85.849998,86.080002,86.080002,80600,1091
2022-06-23,86.019997,86.150002,84.120003,84.480003,84.480003,112500,1092
2022-06-24,84.760002,85.07,84.279999,84.339996,84.339996,121300,1093
2022-06-27,84.610001,84.82,83.290001,84.540001,84.540001,78700,1094
2022-06-28,85.540001,85.800003,84.440002,84.529999,84.529999,105900,1095
2022-06-29,85.889999,85.989998,84.379997,85.25,85.25,64700,1096
2022-06-30,84.190002,84.389999,82.910004,83.099998,83.099998,136100,1097
2022-07-01,81.269997,82.720001,80.889999,82.599998,82.599998,121100,1098
2022-07-05,80.199997,80.959999,79.489998,80.830002,80.830002,231100,1099
2022-07-06,80.75,80.849998,78.889999,80.099998,80.099998,143100,1100
2022-07-07,80.839996,81.82,80.839996,81.260002,81.260002,91200,1101
2022-07-08,82.199997,83.779999,81.879997,82.940002,82.940002,117300,1102
2022-07-11,81.309998,81.57,80.709999,80.870003,80.870003,36100,1103
2022-07-12,79.160004,79.339996,78.300003,78.300003,78.300003,593100,1104
2022-07-13,78,79.870003,77.949997,79.220001,79.220001,176300,1105
2022-07-14,77.669998,78.57,76.959999,78.25,78.25,190100,1106
2022-07-15,79.050003,79.050003,78.32,78.57,78.57,77100,1107
2022-07-18,80,81.5,80,80.18,80.18,144100,1108
2022-07-19,81.389999,81.949997,80.839996,81.150002,81.150002,68400,1109
2022-07-20,80.800003,80.800003,79.589996,79.699997,79.699997,104100,1110
2022-07-21,80.099998,81.360001,79.68,81.360001,81.360001,88600,1111
2022-07-22,82.019997,82.580002,80.730003,80.959999,80.959999,59700,1112
2022-07-25,81.68,81.970001,80.620003,81.75,81.75,58400,1113
2022-07-26,81.57,81.93,80.699997,80.900002,80.900002,69800,1114
2022-07-27,81.699997,82.760002,81.519997,82.709999,82.709999,62100,1115
2022-07-28,82.809998,82.980003,81.57,82.5,82.5,43600,1116
2022-07-29,82.540001,83.470001,81.449997,83.019997,83.019997,79700,1117
2022-08-01,84.07,84.82,83.800003,84.440002,84.440002,153300,1118
2022-08-02,85.230003,85.349998,83.209999,83.480003,83.480003,101700,1119
2022-08-03,83.699997,83.769997,82.699997,83.57,83.57,31900,1120
2022-08-04,84.720001,86.599998,84.669998,86.400002,86.400002,82400,1121
2022-08-05,85.800003,87.010002,85.800003,86.650002,86.650002,58300,1122
2022-08-08,86.940002,88.300003,86.940002,87.349998,87.349998,83200,1123
2022-08-09,87.5,87.739998,86.529999,86.720001,86.720001,31700,1124
2022-08-10,86.940002,88.120003,86.620003,87.410004,87.410004,54500,1125
2022-08-11,89.400002,90.489998,88.760002,88.800003,88.800003,117900,1126
2022-08-12,88.599998,89.419998,88.290001,89.290001,89.290001,37200,1127
2022-08-15,87.18,87.199997,85.699997,86.720001,86.720001,74700,1128
2022-08-16,86.43,87.589996,86.370003,86.959999,86.959999,36200,1129
2022-08-17,86.199997,86.669998,85.279999,85.860001,85.860001,50900,1130
2022-08-18,85.589996,85.589996,84.650002,84.650002,84.650002,48000,1131
2022-08-19,83.940002,83.940002,82.540001,83.059998,83.059998,87600,1132
2022-08-22,81.389999,81.650002,80.699997,81.150002,81.150002,123500,1133
2022-08-23,80.650002,82.690002,80.540001,82.019997,82.019997,76800,1134
2022-08-24,81.129997,81.720001,80.529999,81.709999,81.709999,71500,1135
2022-08-25,82.029999,82.199997,81.599998,82.07,82.07,61100,1136
2022-08-26,81.769997,82.150002,80,80.129997,80.129997,104900,1137
2022-08-29,80.199997,81,80.099998,80.400002,80.400002,52600,1138
2022-08-30,79.809998,79.809998,78.540001,78.690002,78.690002,104200,1139
2022-08-31,78.550003,79.099998,78.239998,78.260002,78.260002,79200,1140
2022-09-01,77.440002,77.440002,76.089996,76.760002,76.760002,137500,1141
2022-09-02,78.389999,78.529999,77.470001,77.650002,77.650002,145700,1142
2022-09-06,79.599998,79.949997,78.709999,79.199997,79.199997,62500,1143
2022-09-07,79.230003,80.580002,79.209999,80.559998,80.559998,66600,1144
2022-09-08,80.970001,82.129997,80.93,81.790001,81.790001,112000,1145
2022-09-09,81.25,82.120003,81.220001,81.68,81.68,56300,1146
2022-09-12,83.449997,84.269997,83.199997,84.120003,84.120003,117300,1147
2022-09-13,83.529999,84,81.519997,81.690002,81.690002,128200,1148
2022-09-14,83.599998,84.809998,83.599998,84.099998,84.099998,69300,1149
2022-09-15,84.699997,85.5,83.760002,84.080002,84.080002,108000,1150
2022-09-16,82.82,84.370003,82.5,84.309998,84.309998,68900,1151
2022-09-19,83.900002,85.599998,83.900002,85.370003,85.370003,48800,1152
2022-09-20,85.419998,85.779999,84.959999,85.519997,85.519997,109500,1153
2022-09-21,85.589996,85.589996,84.050003,84.410004,84.410004,136900,1154
2022-09-22,84.480003,84.75,83.43,83.620003,83.620003,74000,1155
2022-09-23,80.760002,80.760002,79.5,79.529999,79.529999,128200,1156
2022-09-26,80.110001,80.400002,79,79.129997,79.129997,99600,1157
2022-09-27,79.510002,80.18,78.620003,78.720001,78.720001,125000,1158
2022-09-28,79,80.790001,78.940002,80.720001,80.720001,186100,1159
2022-09-29,80.900002,81.150002,79.690002,80.419998,80.419998,65500,1160
2022-09-30,79.910004,80.949997,79.910004,79.910004,79.910004,83800,1161
2022-10-03,82.470001,83.970001,82,83.849998,83.849998,153900,1162
2022-10-04,85.790001,87.110001,85.5,86.620003,86.620003,95100,1163
2022-10-05,85.059998,85.610001,83.599998,85.099998,85.099998,66400,1164
2022-10-06,85.459999,86.129997,85,85.959999,85.959999,112400,1165
2022-10-07,86.620003,86.620003,84.25,84.580002,84.580002,57000,1166
2022-10-10,84.410004,84.410004,82.900002,83.400002,83.400002,48800,1167
2022-10-11,82.669998,83.849998,82.139999,82.790001,82.790001,870600,1168
2022-10-12,82.260002,82.620003,81.57,81.949997,81.949997,103600,1169
2022-10-13,80.379997,84.040001,80.330002,83.849998,83.849998,108600,1170
2022-10-14,84.220001,84.32,83,83.709999,83.709999,68900,1171
2022-10-17,84.68,85.57,84.400002,84.699997,84.699997,30200,1172
2022-10-18,85.239998,85.669998,83.839996,84.360001,84.360001,41900,1173
2022-10-19,82.860001,83.190002,81.980003,82.059998,82.059998,31400,1174
2022-10-20,83.110001,85.300003,83.110001,85.209999,85.209999,83900,1175
2022-10-21,83.870003,86.800003,83.870003,86.529999,86.529999,56000,1176
2022-10-24,86.150002,86.290001,85.239998,85.82,85.82,35000,1177
2022-10-25,84.919998,85.720001,84.760002,85.339996,85.339996,47300,1178
2022-10-26,86.830002,88.839996,86.830002,88.309998,88.309998,154300,1179
2022-10-27,88.43,89.5,87.910004,89.059998,89.059998,74600,1180
2022-10-28,87.610001,88.389999,87.150002,87.709999,87.709999,93700,1181
2022-10-31,85.889999,86.940002,85.589996,85.900002,85.900002,45300,1182
2022-11-01,88.25,88.540001,87.129997,87.529999,87.529999,51200,1183
2022-11-02,88.389999,88.720001,86.459999,86.550003,86.550003,68400,1184
2022-11-03,85.32,86.139999,85.059998,85.400002,85.400002,76700,1185
2022-11-04,87.739998,89.389999,87.400002,89.279999,89.279999,96400,1186
2022-11-07,89.639999,91.519997,89.639999,91.129997,91.129997,108800,1187
2022-11-08,91.489998,93.18,91.199997,92.620003,92.620003,75500,1188
2022-11-09,91.760002,92.540001,90.910004,91.370003,91.370003,46400,1189
2022-11-10,95.059998,96.709999,95.059998,96.279999,96.279999,262400,1190
2022-11-11,96.110001,96.129997,94.760002,95.489998,95.489998,121900,1191
2022-11-14,93.489998,95.019997,93.489998,94.470001,94.470001,61800,1192
2022-11-15,95.25,95.300003,93.379997,94.07,94.07,66700,1193
2022-11-16,94.019997,94.349998,92.849998,93.150002,93.150002,100000,1194
2022-11-17,91.5,91.949997,90.599998,91.059998,91.059998,82000,1195
2022-11-18,91.300003,91.610001,90.349998,90.949997,90.949997,137400,1196
2022-11-21,91.050003,91.440002,90.199997,91.440002,91.440002,38400,1197
2022-11-22,92.25,92.849998,91.709999,92.330002,92.330002,90300,1198
2022-11-23,91.089996,92.849998,90.800003,92.769997,92.769997,134200,1199
2022-11-25,91.239998,91.809998,90.760002,91.089996,91.089996,45700,1200
2022-11-28,92.529999,92.529999,91.25,91.669998,91.669998,75100,1201
2022-11-29,91.68,93.629997,91.169998,92.949997,92.949997,67100,1202
2022-11-30,95.949997,96.510002,94.870003,95.830002,95.830002,125800,1203
2022-12-01,96.690002,97.5,96.019997,96.559998,96.559998,140900,1204
2022-12-02,93.400002,94.790001,93.400002,94.339996,94.339996,102200,1205
2022-12-05,93.589996,93.970001,92.519997,92.559998,92.559998,118700,1206
2022-12-06,92.5,92.959999,91.309998,91.870003,91.870003,65600,1207
2022-12-07,93,94.339996,92.410004,93.18,93.18,79700,1208
2022-12-08,93.410004,93.919998,92.940002,92.940002,92.940002,54800,1209
2022-12-09,92.93,95.400002,92.93,94.82,94.82,78600,1210
2022-12-12,93.440002,93.440002,92.309998,92.980003,92.980003,87300,1211
2022-12-13,96.029999,96.75,95.220001,96.050003,96.050003,168500,1212
2022-12-14,95.199997,96.029999,94.510002,95.279999,95.279999,62000,1213
2022-12-15,93.660004,94.349998,93.010002,93.510002,93.510002,103100,1214
2022-12-16,92.709999,93.550003,91.93,92.129997,92.129997,107900,1215
2022-12-19,92.110001,92.5,90.639999,90.760002,90.760002,62000,1216
2022-12-20,92.129997,94.080002,92.040001,93.480003,93.480003,100900,1217
2022-12-21,92.550003,93.5,92.370003,92.75,92.75,63200,1218
2022-12-22,91.190002,92.139999,90.099998,90.739998,90.739998,147400,1219
2022-12-23,94.209999,95.220001,93.510002,94.830002,94.830002,277900,1220
2022-12-27,92.82,95.150002,92.809998,95.050003,95.050003,109600,1221
2022-12-28,94.879997,95.010002,93.330002,93.559998,93.559998,46100,1222
2022-12-29,95.860001,98.279999,95.779999,98.099998,98.099998,200800,1223
2022-12-30,98.540001,99.370003,97.790001,99.279999,99.279999,122200,1224
2023-01-03,99.669998,100.959999,99.599998,100.559998,100.559998,210000,1225
2023-01-04,100.480003,100.910004,99.07,100.050003,100.050003,141900,1226
2023-01-05,98.709999,98.769997,97.900002,98.260002,98.260002,89200,1227
2023-01-06,99.169998,101.360001,98.900002,101.089996,101.089996,131100,1228
2023-01-09,101.169998,101.480003,99.589996,100.050003,100.050003,84100,1229
2023-01-10,100.309998,100.669998,99.169998,100.050003,100.050003,45800,1230
2023-01-11,101.830002,101.879997,98.68,98.900002,98.900002,263700,1231
2023-01-12,99.389999,99.589996,97.610001,98.830002,98.830002,229500,1232
2023-01-13,98.080002,99.089996,98.029999,99.010002,99.010002,176400,1233
2023-01-17,97.900002,98.169998,96.209999,96.559998,96.559998,406000,1234
2023-01-18,99.220001,99.669998,95.720001,96.209999,96.209999,211900,1235
2023-01-19,94.639999,96.470001,93.629997,96,96,414800,1236
2023-01-20,95.459999,97.470001,95.040001,96.32,96.32,209500,1237
2023-01-23,95.620003,97.099998,95.309998,96.949997,96.949997,151000,1238
2023-01-24,96.849998,98,96.440002,97.879997,97.879997,134800,1239
2023-01-25,96.279999,96.889999,95.559998,96.389999,96.389999,127900,1240
2023-01-26,95.599998,95.599998,94.150002,94.470001,94.470001,229800,1241
2023-01-27,93.57,94.099998,92.589996,93.849998,93.849998,361700,1242
2023-01-30,93.800003,94.099998,93.32,93.410004,93.410004,134300,1243
2023-01-31,92.660004,94.5,92.330002,93.699997,93.699997,195700,1244
2023-02-01,93.519997,93.690002,91.769997,93.260002,93.260002,303900,1245
2023-02-02,95.459999,95.68,93.57,94.650002,94.650002,211200,1246
2023-02-03,92.18,92.599998,90.110001,90.449997,90.449997,328400,1247
2023-02-06,90.580002,90.860001,89.580002,89.919998,89.919998,195000,1248
2023-02-07,89.150002,91.010002,89.110001,90.150002,90.150002,98500,1249
2023-02-08,90.959999,91.199997,89.620003,89.739998,89.739998,326300,1250
2023-02-09,89.800003,90.120003,88.279999,88.309998,88.309998,164900,1251
2023-02-10,89.370003,89.370003,87.339996,87.620003,87.620003,138300,1252
2023-02-13,86.989998,88.57,86.809998,88.290001,88.290001,225600,1253
2023-02-14,87.040001,88.639999,86.059998,86.349998,86.349998,279600,1254
2023-02-15,85.599998,86.07,84.839996,84.970001,84.970001,225600,1255
2023-02-16,84.550003,86.410004,84.25,85.379997,85.379997,78800,1256
2023-02-17,84.57,85.529999,84.410004,85.120003,85.120003,48300,1257
2023-02-21,86.050003,87.839996,86.050003,87.440002,87.440002,153700,1258